"DateTime","Branch","FromBus","ToBus","Flow (MW) (From->To)","Capacity (MW)","DynamicLoss (MW)","FixedLoss (MW)","FromBusPrice ($/MWh)","ToBusPrice ($/MWh)","BranchPrice ($/MWh)","BranchRentals ($)"
"20-OCT-2013 07:30","ABY_T2.T2","554","555",4.61,6.30,0.04,0.02,9.03,9.20,0.00,0.14
"20-OCT-2013 07:30","ADD_ISL1.1","535","551",4.69,159.93,0.01,0.00,9.36,9.37,0.00,0.00
"20-OCT-2013 07:30","ADD_ISL1.2","803","551",0.00,159.93,0.00,0.00,9.37,9.37,0.00,0.00
"20-OCT-2013 07:30","ADD_ISL1.3","552","551",-4.68,2000.00,0.00,0.00,9.37,9.37,0.00,0.00
"20-OCT-2013 07:30","ADD_ISL2.1","528","535",-25.98,159.93,0.06,0.00,9.38,9.36,0.00,0.00
"20-OCT-2013 07:30","ADD_ISL4.1","535","550",27.15,159.93,0.04,0.00,9.36,9.37,0.00,0.00
"20-OCT-2013 07:30","ADD_ISL4.2","528","550",-23.50,159.93,0.02,0.00,9.38,9.37,0.00,0.00
"20-OCT-2013 07:30","ADD_ISL4.3","553","550",-3.60,2000.00,0.00,0.00,9.37,9.37,0.00,0.00
"20-OCT-2013 07:30","ADD_T2.T2","528","527",4.33,38.70,0.01,0.01,9.38,9.40,0.00,-0.06
"20-OCT-2013 07:30","ADD_T3.T3","528","527",4.32,38.70,0.01,0.01,9.38,9.40,0.00,-0.06
"20-OCT-2013 07:30","ADD_T5.T5","528","802",0.02,34.29,0.00,0.04,9.38,9.40,0.00,-0.17
"20-OCT-2013 07:30","ADD_T6.T6","528","527",7.78,34.29,0.01,0.04,9.38,9.40,0.00,-0.17
"20-OCT-2013 07:30","ADD_T7.T7","528","527",4.53,34.29,0.01,0.04,9.38,9.40,0.00,-0.17
"20-OCT-2013 07:30","ALB_HEN1.1","26","18",-16.11,100.79,0.09,0.00,10.47,10.42,0.00,0.00
"20-OCT-2013 07:30","ALB_HEN2.1","26","18",-16.11,100.79,0.09,0.00,10.47,10.42,0.00,0.00
"20-OCT-2013 07:30","ALB_HEN3.1","27","19",-77.69,590.25,0.20,0.00,10.47,10.43,0.00,0.25
"20-OCT-2013 07:30","ALB_HPI1.1","27","14",-26.28,590.25,0.04,0.00,10.47,10.46,0.00,-0.05
"20-OCT-2013 07:30","ALB_SVL1.1","27","21",16.77,305.00,0.02,0.00,10.47,10.48,0.00,0.00
"20-OCT-2013 07:30","ALB_SVL2.1","27","22",15.71,305.00,0.02,0.00,10.47,10.48,0.00,0.00
"20-OCT-2013 07:30","ALB_T3.T3","27","24",14.81,116.90,0.02,0.04,10.47,10.48,0.00,-0.20
"20-OCT-2013 07:30","ALB_T4.L4","776","25",0.00,71.00,0.00,0.00,10.47,10.47,0.00,0.00
"20-OCT-2013 07:30","ALB_T4.M4","26","25",-16.76,200.00,0.01,0.00,10.47,10.47,0.00,0.00
"20-OCT-2013 07:30","ALB_T4.T4","27","25",16.78,200.00,0.00,0.04,10.47,10.47,0.00,-0.21
"20-OCT-2013 07:30","ALB_T6.T6","27","24",14.81,116.90,0.02,0.04,10.47,10.48,0.00,-0.20
"20-OCT-2013 07:30","ALB_T8.T8","27","24",24.74,142.00,0.03,0.03,10.47,10.48,0.00,-0.18
"20-OCT-2013 07:30","ALB_WRD1.1","26","54",16.38,82.00,0.00,0.00,10.47,10.47,0.00,0.00
"20-OCT-2013 07:30","ALB_WRD2.1","26","53",16.45,82.00,0.00,0.00,10.47,10.47,0.00,0.00
"20-OCT-2013 07:30","ALB_WRD3.1","26","748",15.98,62.00,0.00,0.00,10.47,10.47,0.00,0.00
"20-OCT-2013 07:30","ALB_WRD4.1","27","55",0.04,579.00,0.00,0.00,10.47,10.47,0.00,0.00
"20-OCT-2013 07:30","AMS_HKK.1","601","599",0.00,2000.00,0.00,0.00,9.12,9.12,0.00,0.00
"20-OCT-2013 07:30","ANI_MAT.1","177","756",16.32,2000.00,0.00,0.00,9.85,9.85,0.00,0.00
"20-OCT-2013 07:30","ANI_T1.L1","172","175",8.25,2000.00,0.00,0.00,9.85,9.85,0.00,0.00
"20-OCT-2013 07:30","ANI_T1.M1","174","175",-0.09,2000.00,0.00,0.00,9.85,9.85,0.00,0.00
"20-OCT-2013 07:30","ANI_T1.T1","177","175",-8.16,2000.00,0.00,0.00,9.85,9.85,0.00,0.00
"20-OCT-2013 07:30","ANI_T2.L2","173","176",8.25,2000.00,0.00,0.00,9.85,9.85,0.00,0.00
"20-OCT-2013 07:30","ANI_T2.M2","174","176",-0.09,2000.00,0.00,0.00,9.85,9.85,0.00,0.00
"20-OCT-2013 07:30","ANI_T2.T2","177","176",-8.16,2000.00,0.00,0.00,9.85,9.85,0.00,0.00
"20-OCT-2013 07:30","APS_T1.T1","582","583",-0.16,1.10,0.00,0.01,8.91,8.90,0.00,-0.05
"20-OCT-2013 07:30","ARA_T1.T1","181","180",-9.00,2000.00,0.00,0.00,9.76,9.76,0.00,0.00
"20-OCT-2013 07:30","ARA_T2.T2","181","178",-9.00,2000.00,0.00,0.00,9.76,9.76,0.00,0.00
"20-OCT-2013 07:30","ARA_T3.T3","181","179",-9.00,2000.00,0.00,0.00,9.76,9.76,0.00,0.00
"20-OCT-2013 07:30","ARA_WRK.1","181","229",27.00,266.00,0.01,0.00,9.76,9.76,0.00,0.00
"20-OCT-2013 07:30","ARG_T1.T1","487","486",-11.00,2000.00,0.00,0.00,9.64,9.64,0.00,0.00
"20-OCT-2013 07:30","ARI_BOB1.1","118","84",5.82,56.59,0.17,0.00,10.28,10.51,0.00,-0.20
"20-OCT-2013 07:30","ARI_HAM1.1","118","129",9.23,56.59,0.10,0.00,10.28,10.35,0.00,-0.19
"20-OCT-2013 07:30","ARI_HAM2.1","118","129",9.18,56.59,0.10,0.00,10.28,10.35,0.00,-0.19
"20-OCT-2013 07:30","ARI_HTI.1","118","135",0.19,63.83,0.00,0.00,10.28,10.36,0.00,0.00
"20-OCT-2013 07:30","ARI_KIN1.1","753","142",23.02,63.83,0.27,0.00,9.80,10.17,0.00,2.95
"20-OCT-2013 07:30","ARI_KIN2.1","753","142",22.98,70.68,0.24,0.00,9.80,10.17,0.00,3.09
"20-OCT-2013 07:30","ARI_ONG.1","118","133",-3.46,63.83,0.03,0.00,10.28,10.31,0.00,-0.22
"20-OCT-2013 07:30","ARI_ONG.2","146","133",15.20,63.83,0.18,0.00,10.31,10.31,0.00,-0.90
"20-OCT-2013 07:30","ARI_ONG.3","135","133",-11.55,70.68,0.04,0.00,10.36,10.31,0.00,0.07
"20-OCT-2013 07:30","ARI_T1.T1","118","113",-21.00,2000.00,0.00,0.00,10.28,10.28,0.00,0.00
"20-OCT-2013 07:30","ARI_T5.T5","753","115",-11.50,2000.00,0.00,0.00,9.80,9.80,0.00,0.00
"20-OCT-2013 07:30","ARI_T6.T6","753","114",-11.50,2000.00,0.00,0.00,9.80,9.80,0.00,0.00
"20-OCT-2013 07:30","ARI_T7.T7","753","116",-11.50,2000.00,0.00,0.00,9.80,9.80,0.00,0.00
"20-OCT-2013 07:30","ARI_T8.T8","753","117",-11.50,2000.00,0.00,0.00,9.80,9.80,0.00,0.00
"20-OCT-2013 07:30","ASB_BRY.1","558","567",87.88,730.00,0.96,0.00,9.25,9.33,0.00,-1.08
"20-OCT-2013 07:30","ASB_HBK1.1","557","581",-15.00,2000.00,0.00,0.00,9.26,9.26,0.00,0.00
"20-OCT-2013 07:30","ASB_ISL1.1","558","539",113.77,730.00,1.07,0.00,9.25,9.35,0.00,0.74
"20-OCT-2013 07:30","ASB_T1.T1","558","556",8.22,66.30,0.02,0.02,9.25,9.27,0.00,-0.11
"20-OCT-2013 07:30","ASB_T10.T10","558","557",5.10,147.50,0.00,0.05,9.25,9.26,0.00,-0.23
"20-OCT-2013 07:30","ASB_T3.T3","558","556",8.22,66.30,0.02,0.05,9.25,9.27,0.00,-0.25
"20-OCT-2013 07:30","ASB_T8.T8","558","557",4.23,120.50,0.01,0.03,9.25,9.26,0.00,-0.14
"20-OCT-2013 07:30","ASB_TIM_TWZ1.1","558","569",-114.71,730.48,0.94,0.00,9.25,9.18,0.00,-0.21
"20-OCT-2013 07:30","ASB_TIM_TWZ1.2","569","573",19.87,272.00,0.05,0.00,9.18,9.21,0.00,0.10
"20-OCT-2013 07:30","ASB_TIM_TWZ1.3","569","669",-135.78,730.00,1.20,0.00,9.18,9.08,0.00,0.81
"20-OCT-2013 07:30","ASB_TIM_TWZ2.1","558","568",-114.68,730.48,0.94,0.00,9.25,9.18,0.00,-0.21
"20-OCT-2013 07:30","ASB_TIM_TWZ2.2","568","572",19.92,272.00,0.05,0.00,9.18,9.21,0.00,0.10
"20-OCT-2013 07:30","ASB_TIM_TWZ2.3","568","669",-135.81,730.00,1.20,0.00,9.18,9.08,0.00,0.81
"20-OCT-2013 07:30","ASY_SBK.1","530","543",0.67,42.41,0.00,0.00,9.49,9.52,0.00,0.00
"20-OCT-2013 07:30","ASY_T3.T3","529","530",-4.49,11.20,0.02,0.03,9.58,9.49,0.00,-0.05
"20-OCT-2013 07:30","ASY_T5.T5","529","530",-4.44,11.30,0.02,0.04,9.58,9.49,0.00,-0.07
"20-OCT-2013 07:30","ASY_WPR.1","530","547",-9.75,42.41,0.12,0.00,9.49,9.40,0.00,-0.13
"20-OCT-2013 07:30","ATI_OHK.1","188","186",-199.34,415.35,0.46,0.00,10.00,9.96,0.00,2.02
"20-OCT-2013 07:30","ATI_T1.T1","188","187",-3.65,2000.00,0.00,0.00,10.00,10.00,0.00,0.00
"20-OCT-2013 07:30","ATI_T2.T2","188","187",-3.65,2000.00,0.00,0.00,10.00,10.00,0.00,0.00
"20-OCT-2013 07:30","ATI_T3.T3","188","187",-3.65,2000.00,0.00,0.00,10.00,10.00,0.00,0.00
"20-OCT-2013 07:30","ATI_T4.T4","188","187",-4.06,2000.00,0.00,0.00,10.00,10.00,0.00,0.00
"20-OCT-2013 07:30","ATI_TRK1.1","188","277",26.35,352.09,0.13,0.00,10.00,10.04,0.00,-0.16
"20-OCT-2013 07:30","ATI_TRK2.1","188","277",26.35,352.09,0.13,0.00,10.00,10.04,0.00,-0.16
"20-OCT-2013 07:30","ATI_WKM.1","188","199",161.19,345.99,1.20,0.00,10.00,10.16,0.00,6.72
"20-OCT-2013 07:30","ATU_DOB1.1","526","595",-2.40,64.00,0.02,0.00,9.72,9.65,0.00,0.00
"20-OCT-2013 07:30","ATU_RFN_IGH1.1","526","521",1.87,62.11,0.02,0.00,9.72,9.83,0.00,0.00
"20-OCT-2013 07:30","ATU_RFN_IGH1.2","490","521",1.85,62.11,0.01,0.00,9.75,9.83,0.00,0.00
"20-OCT-2013 07:30","AVI_BEN1.1","616","630",11.73,225.20,0.02,0.00,9.04,9.06,0.00,0.01
"20-OCT-2013 07:30","AVI_BEN2.1","616","630",11.74,225.20,0.02,0.00,9.04,9.06,0.00,0.01
"20-OCT-2013 07:30","AVI_T1.T1","616","614",-24.06,2000.00,0.00,0.00,9.04,9.04,0.00,0.00
"20-OCT-2013 07:30","AVI_T2.T2","616","612",-24.06,2000.00,0.00,0.00,9.04,9.04,0.00,0.00
"20-OCT-2013 07:30","AVI_T3.T3","616","615",-24.06,2000.00,0.00,0.00,9.04,9.04,0.00,0.00
"20-OCT-2013 07:30","AVI_T4.T4","616","613",-24.06,2000.00,0.00,0.00,9.04,9.04,0.00,0.00
"20-OCT-2013 07:30","AVI_WTK.1","616","678",72.79,308.65,0.08,0.00,9.04,9.05,0.00,-0.05
"20-OCT-2013 07:30","BAL_GOR.1","685","699",1.49,56.59,0.03,0.00,9.28,9.46,0.00,-0.01
"20-OCT-2013 07:30","BAL_HWB.1","685","689",-13.23,56.59,0.16,0.00,9.28,9.17,0.00,-0.03
"20-OCT-2013 07:30","BAL_HWB.2","689","707",-13.39,56.59,0.11,0.00,9.17,9.10,0.00,-0.02
"20-OCT-2013 07:30","BAL_MSG.1","684","686",0.00,2000.00,0.00,0.00,9.30,9.30,0.00,0.00
"20-OCT-2013 07:30","BAL_T1.T1","685","684",5.78,30.50,0.01,0.02,9.28,9.30,0.00,-0.11
"20-OCT-2013 07:30","BAL_T2.T2","685","684",5.78,30.50,0.01,0.02,9.28,9.30,0.00,-0.08
"20-OCT-2013 07:30","BDE_EDN.1","688","697",14.78,56.59,0.05,0.00,9.56,9.54,0.00,-0.39
"20-OCT-2013 07:30","BDE_GOR.1","688","699",-21.73,56.59,0.14,0.00,9.56,9.46,0.00,0.41
"20-OCT-2013 07:30","BDE_T1.T1","688","687",3.40,20.80,0.01,0.01,9.56,9.58,0.00,-0.05
"20-OCT-2013 07:30","BDE_T2.T2","688","687",3.40,20.00,0.00,0.01,9.56,9.58,0.00,-0.05
"20-OCT-2013 07:30","BEN_HAY1.1","629","453",254.84,700.00,6.51,1.50,9.06,9.61,0.00,32.01
"20-OCT-2013 07:30","BEN_OHB.1","630","657",5.58,590.25,0.02,0.00,9.06,9.08,0.00,-0.02
"20-OCT-2013 07:30","BEN_OHC.1","630","662",-11.17,590.25,0.03,0.00,9.06,9.06,0.00,-0.13
"20-OCT-2013 07:30","BEN_T27.T27","630","617",0.00,10.00,0.00,0.00,9.06,9.06,0.00,0.00
"20-OCT-2013 07:30","BEN_T28.T28","630","628",0.00,2000.00,0.00,0.00,9.06,9.06,0.00,0.00
"20-OCT-2013 07:30","BEN_T29.T29","630","618",0.00,10.00,0.00,0.00,9.06,9.06,0.00,0.00
"20-OCT-2013 07:30","BEN_T30.T30","630","629",255.59,9999.00,0.00,0.00,9.06,9.06,0.00,0.00
"20-OCT-2013 07:30","BEN_T42.L42","624","626",39.77,2000.00,0.00,0.00,9.06,9.06,0.00,0.00
"20-OCT-2013 07:30","BEN_T42.M42","623","626",39.77,2000.00,0.00,0.00,9.06,9.06,0.00,0.00
"20-OCT-2013 07:30","BEN_T42.T42","630","626",-79.54,2000.00,0.00,0.00,9.06,9.06,0.00,0.00
"20-OCT-2013 07:30","BEN_T44.L44","621","625",39.77,2000.00,0.00,0.00,9.06,9.06,0.00,0.00
"20-OCT-2013 07:30","BEN_T44.M44","619","625",39.77,2000.00,0.00,0.00,9.06,9.06,0.00,0.00
"20-OCT-2013 07:30","BEN_T44.T44","630","625",-79.54,2000.00,0.00,0.00,9.06,9.06,0.00,0.00
"20-OCT-2013 07:30","BEN_T46.L46","622","627",39.77,2000.00,0.00,0.00,9.06,9.06,0.00,0.00
"20-OCT-2013 07:30","BEN_T46.M46","620","627",39.77,2000.00,0.00,0.00,9.06,9.06,0.00,0.00
"20-OCT-2013 07:30","BEN_T46.T46","630","627",-79.54,2000.00,0.00,0.00,9.06,9.06,0.00,0.00
"20-OCT-2013 07:30","BEN_TWZ.1","630","669",12.02,450.78,0.05,0.00,9.06,9.08,0.00,-0.11
"20-OCT-2013 07:30","BLN_KIK.1","487","489",12.37,62.11,0.22,0.00,9.64,9.78,0.00,-0.21
"20-OCT-2013 07:30","BLN_KIK.2","487","495",-1.39,62.11,0.01,0.00,9.64,9.56,0.00,-0.01
"20-OCT-2013 07:30","BLN_STK1.1","489","510",-8.43,76.00,0.08,0.00,9.78,9.65,0.00,0.15
"20-OCT-2013 07:30","BLN_STK2.1","489","510",-8.49,116.98,0.12,0.00,9.78,9.65,0.00,-0.03
"20-OCT-2013 07:30","BLN_T1.T1","489","488",9.69,58.50,0.01,0.06,9.78,9.79,0.00,-0.29
"20-OCT-2013 07:30","BLN_T2.T2","489","488",9.65,58.50,0.01,0.06,9.78,9.79,0.00,-0.29
"20-OCT-2013 07:30","BLN_T3.T3","489","488",9.45,76.20,0.01,0.02,9.78,9.79,0.00,-0.10
"20-OCT-2013 07:30","BOB_HAM1.1","84","129",-3.52,56.59,0.06,0.00,10.51,10.35,0.00,-0.05
"20-OCT-2013 07:30","BOB_HAM2.1","84","129",-3.52,56.59,0.06,0.00,10.51,10.35,0.00,-0.05
"20-OCT-2013 07:30","BOB_MER.33","83","103",0.00,13.70,0.00,0.00,10.52,10.52,0.00,0.00
"20-OCT-2013 07:30","BOB_OTA1.1","84","102",-9.88,69.35,0.06,0.00,10.51,10.45,0.00,-0.02
"20-OCT-2013 07:30","BOB_OTA1.2","749","102",32.77,96.60,0.06,0.00,10.39,10.45,0.00,0.71
"20-OCT-2013 07:30","BOB_OTA2.1","84","752",-11.38,69.35,0.07,0.00,10.51,10.41,0.00,0.20
"20-OCT-2013 07:30","BOB_OTA2.2","749","752",24.06,96.60,0.04,0.00,10.39,10.41,0.00,0.09
"20-OCT-2013 07:30","BOB_T2.T2","84","83",5.17,37.00,0.01,0.03,10.51,10.52,0.00,-0.16
"20-OCT-2013 07:30","BOB_T3.T3","84","83",5.03,37.00,0.01,0.03,10.51,10.52,0.00,-0.16
"20-OCT-2013 07:30","BPE_BRK1.1","379","325",65.64,712.57,0.54,0.00,9.77,9.85,0.00,-0.02
"20-OCT-2013 07:30","BPE_BRK2.1","379","325",65.52,712.57,0.54,0.00,9.77,9.85,0.00,-0.03
"20-OCT-2013 07:30","BPE_HAY1.1","379","455",-26.91,321.99,0.44,0.00,9.77,9.61,0.00,-0.02
"20-OCT-2013 07:30","BPE_HAY2.1","379","455",-26.91,321.99,0.44,0.00,9.77,9.61,0.00,-0.02
"20-OCT-2013 07:30","BPE_MHO1.1","378","389",8.72,53.92,0.10,0.00,9.74,9.85,0.00,0.00
"20-OCT-2013 07:30","BPE_MHO2.1","378","388",8.67,53.92,0.09,0.00,9.74,9.85,0.00,0.00
"20-OCT-2013 07:30","BPE_MTR1.1","378","394",22.23,63.83,0.48,0.00,9.74,10.29,0.00,3.61
"20-OCT-2013 07:30","BPE_T1.L1","793","375",0.00,34.80,0.00,0.00,9.76,9.76,0.00,0.00
"20-OCT-2013 07:30","BPE_T1.M1","378","375",-11.54,58.00,0.01,0.00,9.74,9.76,0.00,-0.12
"20-OCT-2013 07:30","BPE_T1.T1","379","375",11.58,58.00,0.00,0.08,9.77,9.76,0.00,-0.45
"20-OCT-2013 07:30","BPE_T10.T10","379","373",8.09,101.30,0.01,0.03,9.77,9.79,0.00,-0.13
"20-OCT-2013 07:30","BPE_T15.T15","379","374",0.10,23.60,0.00,0.01,9.77,9.79,0.00,-0.04
"20-OCT-2013 07:30","BPE_T16.T16","379","374",0.09,14.40,0.00,0.01,9.77,9.79,0.00,-0.06
"20-OCT-2013 07:30","BPE_T2.L2","794","376",0.00,34.80,0.00,0.00,9.76,9.76,0.00,0.00
"20-OCT-2013 07:30","BPE_T2.M2","378","376",-11.53,58.00,0.01,0.00,9.74,9.76,0.00,-0.12
"20-OCT-2013 07:30","BPE_T2.T2","379","376",11.57,58.00,0.00,0.08,9.77,9.76,0.00,-0.45
"20-OCT-2013 07:30","BPE_T3.L3","795","377",0.00,34.80,0.00,0.00,9.76,9.76,0.00,0.00
"20-OCT-2013 07:30","BPE_T3.M3","378","377",-11.53,58.00,0.01,0.00,9.74,9.76,0.00,-0.12
"20-OCT-2013 07:30","BPE_T3.T3","379","377",11.57,58.00,0.00,0.08,9.77,9.76,0.00,-0.45
"20-OCT-2013 07:30","BPE_T9.T9","379","373",8.06,100.00,0.01,0.02,9.77,9.79,0.00,-0.09
"20-OCT-2013 07:30","BPE_TKU1.1","379","369",12.68,321.99,0.28,0.00,9.77,10.04,0.00,0.29
"20-OCT-2013 07:30","BPE_TKU2.1","379","369",12.69,321.99,0.28,0.00,9.77,10.04,0.00,0.29
"20-OCT-2013 07:30","BPE_TNG1.1","379","404",-23.92,266.35,0.24,0.00,9.77,9.70,0.00,-0.24
"20-OCT-2013 07:30","BPE_TWC_LTN1.1","379","418",-109.46,730.48,0.15,0.00,9.77,9.76,0.00,0.06
"20-OCT-2013 07:30","BPE_TWC_LTN1.2","384","418",29.18,730.48,0.03,0.00,9.75,9.76,0.00,0.01
"20-OCT-2013 07:30","BPE_TWC_LTN1.3","420","418",80.37,234.00,0.06,0.00,9.74,9.76,0.00,0.62
"20-OCT-2013 07:30","BPE_TWF1.1","373","416",0.00,2000.00,0.00,0.00,9.79,9.79,0.00,0.00
"20-OCT-2013 07:30","BPE_WDV1.1","378","406",-17.72,63.83,0.09,0.00,9.74,9.68,0.00,0.12
"20-OCT-2013 07:30","BPE_WDV2.1","378","406",-17.71,64.00,0.09,0.00,9.74,9.68,0.00,0.12
"20-OCT-2013 07:30","BPE_WGN1.1","378","392",15.44,74.00,0.12,0.00,9.74,9.80,0.00,-0.12
"20-OCT-2013 07:30","BPE_WGN1.2","392","408",9.85,74.00,0.07,0.00,9.80,9.85,0.00,-0.07
"20-OCT-2013 07:30","BPE_WGN2.1","378","391",14.78,73.50,0.11,0.00,9.74,9.80,0.00,-0.12
"20-OCT-2013 07:30","BPE_WGN2.2","391","408",10.53,74.00,0.07,0.00,9.80,9.85,0.00,-0.07
"20-OCT-2013 07:30","BPE_WIL1.1","379","385",-21.86,730.48,0.05,0.00,9.77,9.75,0.00,-0.06
"20-OCT-2013 07:30","BPE_WIL1.2","385","477",-20.64,730.48,0.32,0.00,9.75,9.64,0.00,-0.34
"20-OCT-2013 07:30","BRB_HPI1.1","33","14",-47.48,352.09,0.55,0.00,10.63,10.46,0.00,1.32
"20-OCT-2013 07:30","BRB_MDN.1","33","13",5.79,457.00,0.00,0.00,10.63,10.64,0.00,0.00
"20-OCT-2013 07:30","BRB_T2.T2","33","32",20.42,98.80,0.04,0.03,10.63,10.66,0.00,-0.17
"20-OCT-2013 07:30","BRB_T3.T3","33","32",20.70,98.80,0.04,0.03,10.63,10.66,0.00,-0.16
"20-OCT-2013 07:30","BRK_SFD1.1","325","350",40.06,261.00,0.32,0.00,9.85,9.93,0.00,-0.01
"20-OCT-2013 07:30","BRK_SFD2.1","325","350",40.16,261.02,0.33,0.00,9.85,9.93,0.00,-0.01
"20-OCT-2013 07:30","BRK_SFD3.1","325","350",39.46,261.00,0.32,0.00,9.85,9.93,0.00,-0.03
"20-OCT-2013 07:30","BRK_T1.T1","324","325",-10.37,39.10,0.01,0.07,9.86,9.85,0.00,-0.35
"20-OCT-2013 07:30","BRY_ISL.1","567","539",34.01,730.00,0.11,0.00,9.33,9.35,0.00,-0.13
"20-OCT-2013 07:30","BRY_T2.T2","563","560",6.08,36.60,0.01,0.04,9.34,9.35,0.00,-0.20
"20-OCT-2013 07:30","BRY_T3.T3","563","560",6.00,36.60,0.01,0.05,9.34,9.35,0.00,-0.22
"20-OCT-2013 07:30","BRY_T4.T4","563","805",0.02,34.30,0.00,0.03,9.34,9.35,0.00,-0.16
"20-OCT-2013 07:30","BRY_T5.L5","561","564",0.00,32.80,0.00,0.00,9.33,9.33,0.00,0.00
"20-OCT-2013 07:30","BRY_T5.M5","563","564",-18.66,134.00,0.01,0.00,9.34,9.33,0.00,-0.01
"20-OCT-2013 07:30","BRY_T5.T5","567","564",18.77,156.00,0.01,0.20,9.33,9.33,0.00,-0.92
"20-OCT-2013 07:30","BRY_T6.L6","559","565",0.00,32.80,0.00,0.00,9.33,9.33,0.00,0.00
"20-OCT-2013 07:30","BRY_T6.M6","563","565",-19.03,116.00,0.01,0.00,9.34,9.33,0.00,0.01
"20-OCT-2013 07:30","BRY_T6.T6","567","565",19.10,135.00,0.01,0.12,9.33,9.33,0.00,-0.57
"20-OCT-2013 07:30","BRY_T7.L7","806","566",0.00,86.60,0.00,0.00,9.33,9.33,0.00,0.00
"20-OCT-2013 07:30","BRY_T7.M7","563","566",-14.81,215.30,0.00,0.00,9.34,9.33,0.00,0.00
"20-OCT-2013 07:30","BRY_T7.T7","567","566",14.85,215.30,0.01,0.07,9.33,9.33,0.00,-0.31
"20-OCT-2013 07:30","BWK_WPI.1","689","744",0.00,2000.00,0.00,0.00,9.17,9.17,0.00,0.00
"20-OCT-2013 07:30","CBG_T3.T3","125","123",13.17,37.60,0.03,0.01,10.55,10.62,0.00,0.24
"20-OCT-2013 07:30","CBG_T4.T4","124","123",13.17,37.60,0.03,0.01,10.55,10.62,0.00,0.24
"20-OCT-2013 07:30","CLH_T1.T1","584","585",-0.23,1.10,0.00,0.02,8.77,8.77,0.00,-0.08
"20-OCT-2013 07:30","CML_FKN1.1","636","641",9.01,70.68,0.09,0.00,9.01,9.09,0.00,-0.01
"20-OCT-2013 07:30","CML_FKN2.1","635","640",9.56,70.68,0.10,0.00,9.01,9.10,0.00,0.01
"20-OCT-2013 07:30","CML_T5A.L5A","631","632",-1.82,38.60,0.00,0.00,9.01,9.00,0.00,0.00
"20-OCT-2013 07:30","CML_T5A.M5A","636","632",-4.54,51.50,0.00,0.00,9.01,9.00,0.00,0.00
"20-OCT-2013 07:30","CML_T5A.T5A","637","632",6.37,90.10,0.00,0.02,9.00,9.00,0.00,-0.10
"20-OCT-2013 07:30","CML_T5B.L5B","631","633",-1.84,38.60,0.00,0.00,9.01,9.00,0.00,0.00
"20-OCT-2013 07:30","CML_T5B.M5B","636","633",-4.47,51.50,0.00,0.00,9.01,9.00,0.00,0.00
"20-OCT-2013 07:30","CML_T5B.T5B","637","633",6.32,90.10,0.00,0.02,9.00,9.00,0.00,-0.10
"20-OCT-2013 07:30","CML_T8.L8","631","634",-3.63,40.90,0.00,0.00,9.01,9.01,0.00,0.00
"20-OCT-2013 07:30","CML_T8.M8","635","634",-9.56,158.20,0.00,0.00,9.01,9.01,0.00,0.00
"20-OCT-2013 07:30","CML_T8.T8","638","634",13.21,193.80,0.00,0.03,9.00,9.01,0.00,-0.12
"20-OCT-2013 07:30","COB_STK2.1","500","507",-8.66,32.35,0.13,0.00,9.81,9.67,0.00,0.00
"20-OCT-2013 07:30","COB_T1.T1","485","484",0.00,2000.00,0.00,0.00,9.91,9.91,0.00,0.00
"20-OCT-2013 07:30","COB_T2.T2","485","484",0.00,2000.00,0.00,0.00,9.91,9.91,0.00,0.00
"20-OCT-2013 07:30","COB_UTK1.1","485","512",0.00,11.00,0.00,0.00,9.91,9.91,0.00,0.00
"20-OCT-2013 07:30","COL_HOR2.1","588","603",13.55,33.95,0.42,0.00,8.68,9.43,0.00,3.10
"20-OCT-2013 07:30","COL_HOR3.1","588","603",13.55,33.95,0.42,0.00,8.68,9.43,0.00,3.11
"20-OCT-2013 07:30","COL_OTI1.1","585","588",-6.01,29.61,0.07,0.00,8.77,8.68,0.00,-0.04
"20-OCT-2013 07:30","COL_OTI1.2","583","585",-5.69,29.61,0.10,0.00,8.90,8.77,0.00,-0.06
"20-OCT-2013 07:30","COL_OTI1.3","583","611",5.43,29.61,0.03,0.00,8.90,8.95,0.00,-0.02
"20-OCT-2013 07:30","COL_OTI2.1","588","611",5.76,29.61,0.20,0.00,8.68,8.95,0.00,-0.13
"20-OCT-2013 07:30","COL_T1.T1","588","586",-21.55,2000.00,0.00,0.00,8.68,8.68,0.00,0.00
"20-OCT-2013 07:30","COL_T2.T2","588","769",-17.45,2000.00,0.00,0.00,8.68,8.68,0.00,0.00
"20-OCT-2013 07:30","COL_T6.T6","588","587",0.13,1.10,0.00,0.00,8.68,8.68,0.00,-0.01
"20-OCT-2013 07:30","CPK_T11.T11","423","422",3.59,28.80,0.01,0.01,9.65,9.67,0.00,-0.05
"20-OCT-2013 07:30","CPK_T12.T12","423","422",3.59,28.80,0.01,0.01,9.65,9.67,0.00,-0.05
"20-OCT-2013 07:30","CPK_T3.T3","426","423",20.45,109.00,0.04,0.06,9.63,9.65,0.00,-0.27
"20-OCT-2013 07:30","CPK_T4.T4","425","423",20.48,108.00,0.04,0.06,9.63,9.65,0.00,-0.25
"20-OCT-2013 07:30","CPK_T5.T5","424","423",28.17,145.80,0.03,0.04,9.64,9.65,0.00,-0.25
"20-OCT-2013 07:30","CPK_WIL1.1","424","476",-28.23,182.52,0.04,0.00,9.64,9.63,0.00,-0.01
"20-OCT-2013 07:30","CPK_WWD_WIL2.1","479","476",37.81,274.00,0.04,0.00,9.62,9.63,0.00,-0.01
"20-OCT-2013 07:30","CPK_WWD_WIL2.2","425","479",-20.53,214.91,0.02,0.00,9.63,9.62,0.00,0.00
"20-OCT-2013 07:30","CPK_WWD_WIL2.3","479","481",-58.50,112.41,0.15,0.00,9.62,9.57,0.00,0.61
"20-OCT-2013 07:30","CPK_WWD_WIL3.1","478","476",37.38,229.00,0.03,0.00,9.62,9.63,0.00,0.00
"20-OCT-2013 07:30","CPK_WWD_WIL3.2","426","478",-20.50,214.91,0.02,0.00,9.63,9.62,0.00,0.00
"20-OCT-2013 07:30","CPK_WWD_WIL3.3","478","482",-58.02,112.41,0.14,0.00,9.62,9.58,0.00,0.59
"20-OCT-2013 07:30","CST_HUI1.1","327","331",3.48,71.00,0.01,0.00,10.01,10.06,0.00,0.03
"20-OCT-2013 07:30","CST_HUI2.1","327","331",3.48,71.00,0.01,0.00,10.01,10.06,0.00,0.03
"20-OCT-2013 07:30","CST_MNI1.1","327","337",1.10,69.00,0.01,0.00,10.01,10.05,0.00,-0.02
"20-OCT-2013 07:30","CST_NPL1.1","327","342",-11.88,261.02,0.02,0.00,10.01,9.99,0.00,0.02
"20-OCT-2013 07:30","CST_NPL2.1","327","342",-11.89,261.02,0.02,0.00,10.01,9.99,0.00,0.02
"20-OCT-2013 07:30","CST_SFD1.1","327","349",-6.74,69.35,0.06,0.00,10.01,9.93,0.00,-0.04
"20-OCT-2013 07:30","CST_T2.T2","327","326",11.16,64.40,0.01,0.03,10.01,10.02,0.00,-0.16
"20-OCT-2013 07:30","CST_T4.T4","327","326",11.16,64.40,0.01,0.03,10.01,10.02,0.00,-0.16
"20-OCT-2013 07:30","CUL_T1.T1","523","522",-3.85,22.80,0.01,0.01,9.48,9.46,0.00,-0.06
"20-OCT-2013 07:30","CUL_T22.T22","522","524",-5.19,30.60,0.01,0.04,9.46,9.45,0.00,-0.17
"20-OCT-2013 07:30","CUL_T23.T23","522","525",-5.21,30.60,0.01,0.04,9.46,9.45,0.00,-0.17
"20-OCT-2013 07:30","CYD_ROX1.1","695","738",64.56,398.20,0.28,0.00,8.98,9.02,0.00,-0.12
"20-OCT-2013 07:30","CYD_ROX2.1","695","738",64.55,398.20,0.28,0.00,8.98,9.02,0.00,-0.12
"20-OCT-2013 07:30","CYD_T1.T1","695","692",-41.25,2000.00,0.00,0.00,8.98,8.98,0.00,0.00
"20-OCT-2013 07:30","CYD_T2.T2","695","693",-41.25,2000.00,0.00,0.00,8.98,8.98,0.00,0.00
"20-OCT-2013 07:30","CYD_T3.T3","695","690",-41.25,2000.00,0.00,0.00,8.98,8.98,0.00,0.00
"20-OCT-2013 07:30","CYD_T4.T4","695","691",-41.25,2000.00,0.00,0.00,8.98,8.98,0.00,0.00
"20-OCT-2013 07:30","CYD_T7.T7","695","694",-2.41,27.10,0.00,0.02,8.98,8.98,0.00,-0.11
"20-OCT-2013 07:30","CYD_T8.T8","695","694",-2.41,27.10,0.00,0.02,8.98,8.98,0.00,-0.11
"20-OCT-2013 07:30","CYD_TWZ1.1","637","695",-20.12,587.00,0.04,0.00,9.00,8.98,0.00,0.02
"20-OCT-2013 07:30","CYD_TWZ1.2","637","669",7.37,429.83,0.06,0.00,9.00,9.08,0.00,0.04
"20-OCT-2013 07:30","CYD_TWZ2.1","638","695",-20.55,587.00,0.04,0.00,9.00,8.98,0.00,0.02
"20-OCT-2013 07:30","CYD_TWZ2.2","638","669",7.29,429.83,0.06,0.00,9.00,9.08,0.00,0.04
"20-OCT-2013 07:30","DAR_MPE1.1","35","44",-3.30,2000.00,0.00,0.00,10.85,10.85,0.00,0.00
"20-OCT-2013 07:30","DAR_MPE2.1","35","44",-3.19,2000.00,0.00,0.00,10.85,10.85,0.00,0.00
"20-OCT-2013 07:30","DAR_T1.T1","35","34",3.24,2000.00,0.00,0.00,10.85,10.85,0.00,0.00
"20-OCT-2013 07:30","DAR_T2.T2","35","34",3.25,2000.00,0.00,0.00,10.85,10.85,0.00,0.00
"20-OCT-2013 07:30","DOB_GYM.1","592","598",-6.15,33.00,0.02,0.00,9.64,9.61,0.00,-0.03
"20-OCT-2013 07:30","DOB_RFN_IGH2.1","596","483",2.14,111.00,0.05,0.00,9.64,9.84,0.00,-0.02
"20-OCT-2013 07:30","DOB_RFN_IGH2.2","490","483",1.57,111.00,0.01,0.00,9.75,9.84,0.00,0.01
"20-OCT-2013 07:30","DOB_RFN_IGH2.3","483","520",3.65,23.00,0.00,0.00,9.84,9.84,0.00,0.00
"20-OCT-2013 07:30","DOB_T1.T1","592","591",0.77,16.90,0.00,0.01,9.64,9.66,0.00,-0.06
"20-OCT-2013 07:30","DOB_T11.L11","807","594",0.00,33.40,0.00,0.00,9.65,9.65,0.00,0.00
"20-OCT-2013 07:30","DOB_T11.M11","592","594",2.16,72.80,0.00,0.00,9.64,9.65,0.00,0.00
"20-OCT-2013 07:30","DOB_T11.T11","596","594",-2.15,100.30,0.00,0.02,9.64,9.65,0.00,-0.10
"20-OCT-2013 07:30","DOB_T12.L12","808","593",0.00,31.60,0.00,0.00,9.65,9.65,0.00,0.00
"20-OCT-2013 07:30","DOB_T12.M12","592","593",2.41,94.80,0.00,0.00,9.64,9.65,0.00,0.00
"20-OCT-2013 07:30","DOB_T12.T12","595","593",-2.40,94.80,0.00,0.02,9.65,9.65,0.00,-0.08
"20-OCT-2013 07:30","DOB_T2.T2","592","591",0.77,16.90,0.00,0.01,9.64,9.66,0.00,-0.06
"20-OCT-2013 07:30","DRY_GLN1.1","85","89",46.28,730.00,0.12,0.00,10.36,10.38,0.00,0.00
"20-OCT-2013 07:30","DRY_GLN2.1","85","89",46.54,730.00,0.12,0.00,10.36,10.38,0.00,0.00
"20-OCT-2013 07:30","DRY_HLY1.1","85","164",-134.34,730.00,0.84,0.00,10.36,10.28,0.00,0.67
"20-OCT-2013 07:30","DRY_OTA1.1","85","100",40.68,1198.00,0.04,0.00,10.36,10.37,0.00,0.04
"20-OCT-2013 07:30","DRY_OTA1.2","79","100",-19.72,1180.00,0.02,0.00,10.38,10.37,0.00,0.02
"20-OCT-2013 07:30","DVK_T1.T1","381","380",4.18,22.70,0.00,0.02,9.74,9.74,0.00,-0.08
"20-OCT-2013 07:30","DVK_T2.T2","382","380",4.21,22.70,0.00,0.02,9.74,9.74,0.00,-0.08
"20-OCT-2013 07:30","DVK_WDV1.1","382","406",-4.24,56.00,0.02,0.00,9.74,9.68,0.00,0.00
"20-OCT-2013 07:30","DVK_WDV2.1","381","406",-4.21,56.00,0.02,0.00,9.74,9.68,0.00,0.00
"20-OCT-2013 07:30","DVK_WPW1.2","382","796",0.00,56.59,0.00,0.00,9.74,9.74,0.00,0.00
"20-OCT-2013 07:30","EDG_KAW3.1","246","256",-73.95,266.35,0.15,0.00,9.96,9.93,0.00,0.46
"20-OCT-2013 07:30","EDG_MAT2.1","245","262",-22.00,54.00,0.23,0.00,9.95,9.71,0.00,1.59
"20-OCT-2013 07:30","EDG_OWH.1","245","267",8.60,63.00,0.10,0.00,9.95,10.05,0.00,-0.06
"20-OCT-2013 07:30","EDG_T4.L4","789","243",0.00,34.80,0.00,0.00,9.96,9.96,0.00,0.00
"20-OCT-2013 07:30","EDG_T4.M4","245","243",3.30,58.00,0.00,0.00,9.95,9.96,0.00,0.00
"20-OCT-2013 07:30","EDG_T4.T4","246","243",-3.26,58.00,0.00,0.08,9.96,9.96,0.00,-0.38
"20-OCT-2013 07:30","EDG_T5.L5","790","244",0.00,34.80,0.00,0.00,9.96,9.96,0.00,0.00
"20-OCT-2013 07:30","EDG_T5.M5","245","244",3.29,58.00,0.00,0.00,9.95,9.96,0.00,0.00
"20-OCT-2013 07:30","EDG_T5.T5","246","244",-3.25,58.00,0.00,0.08,9.96,9.96,0.00,-0.38
"20-OCT-2013 07:30","EDG_T7.T7","246","242",21.19,60.20,0.03,0.06,9.96,9.99,0.00,-0.16
"20-OCT-2013 07:30","EDG_T8.T8","242","246",-19.35,66.90,0.02,0.07,9.99,9.96,0.00,-0.19
"20-OCT-2013 07:30","EDG_TRK1.1","246","277",19.81,266.35,0.11,0.00,9.96,10.04,0.00,0.20
"20-OCT-2013 07:30","EDG_TRK2.1","246","277",19.81,266.35,0.11,0.00,9.96,10.04,0.00,0.20
"20-OCT-2013 07:30","EDG_WAI2.1","245","249",6.58,53.92,0.06,0.00,9.95,10.05,0.00,0.00
"20-OCT-2013 07:30","EDN_INV.1","697","712",-10.93,56.59,0.09,0.00,9.54,9.34,0.00,0.69
"20-OCT-2013 07:30","EDN_T1.T1","697","696",12.75,31.60,0.03,0.03,9.54,9.59,0.00,0.02
"20-OCT-2013 07:30","EDN_T2.T2","697","696",12.79,31.60,0.02,0.04,9.54,9.59,0.00,-0.01
"20-OCT-2013 07:30","FHL_RDF1.1","309","317",-18.37,56.59,0.04,0.00,10.00,9.92,0.00,0.52
"20-OCT-2013 07:30","FHL_RDF2.1","309","317",-17.80,56.59,0.04,0.00,10.00,9.92,0.00,0.52
"20-OCT-2013 07:30","FHL_T1.T1","309","308",7.90,34.80,0.01,0.05,10.00,10.01,0.00,-0.27
"20-OCT-2013 07:30","FHL_T2.T2","309","308",12.46,64.50,0.01,0.06,10.00,10.01,0.00,-0.30
"20-OCT-2013 07:30","FHL_TUI1.1","309","302",5.05,113.00,0.10,0.00,10.00,10.17,0.00,-0.08
"20-OCT-2013 07:30","FHL_WPW1.1","309","410",6.04,56.59,0.06,0.00,10.00,10.10,0.00,0.01
"20-OCT-2013 07:30","FHL_WPW2.1","309","411",4.58,56.59,0.05,0.00,10.00,10.10,0.00,-0.01
"20-OCT-2013 07:30","FKN_T2A.T2A","641","639",4.45,39.90,0.01,0.01,9.09,9.11,0.00,-0.07
"20-OCT-2013 07:30","FKN_T2B.T2B","641","639",4.45,39.90,0.01,0.01,9.09,9.11,0.00,-0.07
"20-OCT-2013 07:30","FKN_T4.T4","640","639",9.44,80.00,0.01,0.03,9.10,9.11,0.00,-0.13
"20-OCT-2013 07:30","GFD_HAY1.1","429","452",-11.69,110.00,0.01,0.00,9.64,9.63,0.00,0.00
"20-OCT-2013 07:30","GFD_HAY2.1","428","452",-11.64,110.00,0.01,0.00,9.64,9.63,0.00,0.00
"20-OCT-2013 07:30","GFD_T5.T5","428","427",11.61,88.80,0.02,0.04,9.64,9.66,0.00,-0.19
"20-OCT-2013 07:30","GFD_T6.T6","429","427",11.66,88.80,0.02,0.04,9.64,9.66,0.00,-0.19
"20-OCT-2013 07:30","GIS_T2.L2","792","313",0.00,1.20,0.00,0.00,10.43,10.43,0.00,0.00
"20-OCT-2013 07:30","GIS_T2.M2","312","313",-10.72,62.80,0.00,0.00,10.44,10.43,0.00,0.00
"20-OCT-2013 07:30","GIS_T2.T2","315","313",10.75,73.40,0.02,0.03,10.42,10.43,0.00,-0.15
"20-OCT-2013 07:30","GIS_T4.L4","791","314",0.00,1.20,0.00,0.00,10.43,10.43,0.00,0.00
"20-OCT-2013 07:30","GIS_T4.M4","312","314",-10.72,62.80,0.00,0.00,10.44,10.43,0.00,0.00
"20-OCT-2013 07:30","GIS_T4.T4","315","314",10.75,73.40,0.02,0.03,10.42,10.43,0.00,-0.15
"20-OCT-2013 07:30","GIS_TUI1.1","315","302",-11.04,53.92,0.26,0.00,10.42,10.17,0.00,0.01
"20-OCT-2013 07:30","GIS_TUI2.1","315","302",-11.01,54.49,0.26,0.00,10.42,10.17,0.00,-0.01
"20-OCT-2013 07:30","GLN_T4.T4","89","87",40.65,141.00,0.03,0.06,10.38,10.39,0.00,-0.28
"20-OCT-2013 07:30","GLN_T5.T5","89","87",40.62,141.10,0.03,0.06,10.38,10.39,0.00,-0.29
"20-OCT-2013 07:30","GLN_T6.T6","89","751",11.22,141.00,0.01,0.06,10.38,10.39,0.00,-0.29
"20-OCT-2013 07:30","GLN_TG.TG","88","86",-37.00,2000.00,0.00,0.00,10.39,10.39,0.00,0.00
"20-OCT-2013 07:30","GOR_ROX.1","699","737",-39.43,70.68,2.03,0.00,9.46,8.90,0.00,1.55
"20-OCT-2013 07:30","GOR_T2.T2","699","698",8.55,36.60,0.01,0.03,9.46,9.48,0.00,-0.14
"20-OCT-2013 07:30","GOR_T3.T3","699","698",8.55,36.60,0.01,0.03,9.46,9.48,0.00,-0.14
"20-OCT-2013 07:30","GYM_KUM.1","598","609",-11.15,32.00,0.17,0.00,9.61,9.19,0.00,1.59
"20-OCT-2013 07:30","GYM_T1.T1","598","597",2.42,2000.00,0.00,0.00,9.61,9.61,0.00,0.00
"20-OCT-2013 07:30","GYM_T2.T2","598","597",2.42,2000.00,0.00,0.00,9.61,9.61,0.00,0.00
"20-OCT-2013 07:30","GYT_T2.T2","430","432",-2.60,20.30,0.01,0.01,9.76,9.74,0.00,-0.07
"20-OCT-2013 07:30","GYT_T3.T3","430","431",-2.55,20.30,0.01,0.01,9.76,9.74,0.00,-0.07
"20-OCT-2013 07:30","HAM_KPO1.1","124","129",-20.34,63.83,0.10,0.00,10.55,10.35,0.00,1.47
"20-OCT-2013 07:30","HAM_KPO1.2","124","122",7.07,63.83,0.01,0.00,10.55,10.57,0.00,0.00
"20-OCT-2013 07:30","HAM_KPO2.1","125","129",-20.47,63.83,0.10,0.00,10.55,10.35,0.00,1.48
"20-OCT-2013 07:30","HAM_KPO2.2","125","122",7.20,63.83,0.01,0.00,10.55,10.57,0.00,0.00
"20-OCT-2013 07:30","HAM_OHW1.1","130","155",-35.60,644.00,0.19,0.00,10.34,10.30,0.00,-0.27
"20-OCT-2013 07:30","HAM_PAO_WHU1.1","129","131",50.80,161.00,0.44,0.00,10.35,10.63,0.00,4.65
"20-OCT-2013 07:30","HAM_PAO_WHU1.2","131","149",30.71,161.00,0.11,0.00,10.63,10.62,0.00,-0.69
"20-OCT-2013 07:30","HAM_PAO_WHU1.3","131","147",19.65,55.60,0.01,0.00,10.63,10.64,0.00,0.09
"20-OCT-2013 07:30","HAM_PAO_WHU2.1","129","132",44.74,161.00,0.37,0.00,10.35,10.54,0.00,2.22
"20-OCT-2013 07:30","HAM_PAO_WHU2.2","132","149",44.37,161.00,0.16,0.00,10.54,10.62,0.00,0.99
"20-OCT-2013 07:30","HAM_PAO_WHU2.3","132","787",0.00,55.60,0.00,0.00,10.54,10.54,0.00,0.00
"20-OCT-2013 07:30","HAM_T1.T1","129","126",6.71,39.70,0.01,0.02,10.35,10.37,0.00,-0.08
"20-OCT-2013 07:30","HAM_T2.T2","129","126",6.80,39.70,0.01,0.02,10.35,10.37,0.00,-0.08
"20-OCT-2013 07:30","HAM_T4.T4","130","127",24.19,141.00,0.02,0.03,10.34,10.35,0.00,-0.16
"20-OCT-2013 07:30","HAM_T5.T5","130","127",32.79,124.00,0.04,0.09,10.34,10.35,0.00,-0.50
"20-OCT-2013 07:30","HAM_T6.T6","130","129",69.14,263.40,0.09,0.04,10.34,10.35,0.00,-0.07
"20-OCT-2013 07:30","HAM_T7.T7","130","786",0.01,15.80,0.00,0.01,10.34,10.35,0.00,-0.06
"20-OCT-2013 07:30","HAM_T8.T8","130","128",0.22,15.80,0.00,0.01,10.34,10.35,0.00,-0.05
"20-OCT-2013 07:30","HAM_T9.T9","130","129",69.74,243.20,0.04,0.04,10.34,10.35,0.00,0.21
"20-OCT-2013 07:30","HAM_WKM.1","130","199",-162.83,644.00,2.04,0.00,10.34,10.16,0.00,3.93
"20-OCT-2013 07:30","HAY_BEN1.1","453","629",0.00,700.00,0.00,0.00,9.61,9.06,0.00,0.00
"20-OCT-2013 07:30","HAY_LTN1.1","455","384",30.03,730.48,0.38,0.00,9.61,9.75,0.00,0.13
"20-OCT-2013 07:30","HAY_MLG1.1","452","462",10.79,100.41,0.03,0.00,9.63,9.66,0.00,0.00
"20-OCT-2013 07:30","HAY_MLG2.1","452","463",10.72,98.00,0.03,0.00,9.63,9.66,0.00,0.00
"20-OCT-2013 07:30","HAY_R34.1","436","437",0.05,2000.00,0.00,0.00,9.65,9.65,0.00,0.00
"20-OCT-2013 07:30","HAY_T1.L1","433","451",0.00,93.10,0.00,0.00,9.61,9.61,0.00,0.00
"20-OCT-2013 07:30","HAY_T1.M1","452","451",-37.83,232.70,0.02,0.00,9.63,9.61,0.00,0.28
"20-OCT-2013 07:30","HAY_T1.T1","455","451",37.87,251.30,0.00,0.06,9.61,9.61,0.00,-0.36
"20-OCT-2013 07:30","HAY_T10.L10","439","446",0.00,2000.00,0.00,0.00,9.63,9.63,0.00,0.00
"20-OCT-2013 07:30","HAY_T10.M10","798","446",0.00,2000.00,0.00,0.00,9.63,9.63,0.00,0.00
"20-OCT-2013 07:30","HAY_T10.T10","452","446",0.00,2000.00,0.00,0.00,9.63,9.63,0.00,0.00
"20-OCT-2013 07:30","HAY_T11.T11","436","452",-5.99,22.60,0.01,0.05,9.65,9.63,0.00,-0.26
"20-OCT-2013 07:30","HAY_T12.T12","452","444",5.67,26.80,0.01,0.04,9.63,9.64,0.00,-0.19
"20-OCT-2013 07:30","HAY_T16.T16","444","437",-0.05,6.00,0.00,0.00,9.64,9.65,0.00,0.00
"20-OCT-2013 07:30","HAY_T2.L2","435","449",0.00,93.10,0.00,0.00,9.61,9.61,0.00,0.00
"20-OCT-2013 07:30","HAY_T2.M2","452","449",-37.83,232.70,0.02,0.00,9.63,9.61,0.00,0.28
"20-OCT-2013 07:30","HAY_T2.T2","455","449",37.87,251.30,0.00,0.06,9.61,9.61,0.00,-0.36
"20-OCT-2013 07:30","HAY_T22.T22","455","441",0.00,7.40,0.00,0.00,9.61,9.61,0.00,0.00
"20-OCT-2013 07:30","HAY_T23.T23","455","454",0.00,2000.00,0.00,0.00,9.61,9.61,0.00,0.00
"20-OCT-2013 07:30","HAY_T24.T24","455","442",0.00,7.40,0.00,0.00,9.61,9.61,0.00,0.00
"20-OCT-2013 07:30","HAY_T25.T25","455","453",-247.58,9999.00,0.00,0.00,9.61,9.61,0.00,0.00
"20-OCT-2013 07:30","HAY_T5.L5","434","450",0.00,93.10,0.00,0.00,9.61,9.61,0.00,0.00
"20-OCT-2013 07:30","HAY_T5.M5","452","450",-37.83,232.70,0.02,0.00,9.63,9.61,0.00,0.28
"20-OCT-2013 07:30","HAY_T5.T5","455","450",37.87,251.30,0.00,0.06,9.61,9.61,0.00,-0.36
"20-OCT-2013 07:30","HAY_T7.T7","452","443",0.00,2000.00,0.00,0.00,9.63,9.63,0.00,0.00
"20-OCT-2013 07:30","HAY_T8.T8","452","438",0.00,2000.00,0.00,0.00,9.63,9.63,0.00,0.00
"20-OCT-2013 07:30","HAY_T9.L9","440","445",0.00,2000.00,0.00,0.00,9.63,9.63,0.00,0.00
"20-OCT-2013 07:30","HAY_T9.M9","797","445",0.00,2000.00,0.00,0.00,9.63,9.63,0.00,0.00
"20-OCT-2013 07:30","HAY_T9.T9","452","445",0.00,2000.00,0.00,0.00,9.63,9.63,0.00,0.00
"20-OCT-2013 07:30","HAY_TKR1.1","452","472",11.96,421.82,0.04,0.00,9.63,9.66,0.00,0.02
"20-OCT-2013 07:30","HAY_TKR2.1","452","472",11.96,421.82,0.04,0.00,9.63,9.66,0.00,0.02
"20-OCT-2013 07:30","HAY_UHT1.1","452","474",16.50,110.00,0.02,0.00,9.63,9.65,0.00,0.03
"20-OCT-2013 07:30","HAY_UHT2.1","452","474",16.47,110.00,0.02,0.00,9.63,9.65,0.00,0.03
"20-OCT-2013 07:30","HAY_WIL1.1","455","477",50.04,730.00,0.20,0.00,9.61,9.64,0.00,-0.38
"20-OCT-2013 07:30","HBK_T5.T5","580","581",15.00,2000.00,0.00,0.00,9.26,9.26,0.00,0.00
"20-OCT-2013 07:30","HEN_HEP1.1","18","37",8.24,100.00,0.02,0.00,10.42,10.44,0.00,0.01
"20-OCT-2013 07:30","HEN_HEP2.1","18","37",8.25,100.00,0.02,0.00,10.42,10.44,0.00,0.01
"20-OCT-2013 07:30","HEN_HEP3.1","18","37",8.24,100.00,0.02,0.00,10.42,10.44,0.00,0.01
"20-OCT-2013 07:30","HEN_HEP4.1","18","37",8.25,100.00,0.02,0.00,10.42,10.44,0.00,0.01
"20-OCT-2013 07:30","HEN_HPI1.1","19","14",140.35,457.26,0.12,0.00,10.43,10.46,0.00,0.88
"20-OCT-2013 07:30","HEN_MPE1.1","18","51",21.07,62.11,0.49,0.00,10.42,10.96,0.00,3.03
"20-OCT-2013 07:30","HEN_MPE1.2","48","51",-12.15,62.11,0.09,0.00,10.91,10.96,0.00,-0.79
"20-OCT-2013 07:30","HEN_MPE1.3","45","48",-5.38,62.11,0.05,0.00,10.85,10.91,0.00,-0.47
"20-OCT-2013 07:30","HEN_MPE2.1","18","50",20.87,62.11,0.48,0.00,10.42,10.96,0.00,3.05
"20-OCT-2013 07:30","HEN_MPE2.2","47","50",-12.09,62.11,0.09,0.00,10.91,10.96,0.00,-0.79
"20-OCT-2013 07:30","HEN_MPE2.3","45","47",-5.33,62.11,0.05,0.00,10.85,10.91,0.00,-0.47
"20-OCT-2013 07:30","HEN_OTA.1","19","78",-186.12,915.00,0.86,0.00,10.43,10.38,0.00,0.34
"20-OCT-2013 07:30","HEN_SWN.1","19","31",-184.69,915.00,0.70,0.00,10.43,10.39,0.00,0.28
"20-OCT-2013 07:30","HEN_T1.T1","19","18",53.24,228.50,0.02,0.14,10.43,10.42,0.00,-1.31
"20-OCT-2013 07:30","HEN_T2.T2","19","16",21.85,135.50,0.03,0.04,10.43,10.45,0.00,-0.20
"20-OCT-2013 07:30","HEN_T3.T3","19","16",21.85,135.50,0.03,0.04,10.43,10.45,0.00,-0.20
"20-OCT-2013 07:30","HEN_T5.L5","775","17",0.00,79.20,0.00,0.00,10.41,10.41,0.00,0.00
"20-OCT-2013 07:30","HEN_T5.M5","18","17",-54.03,266.30,0.01,0.00,10.42,10.41,0.00,0.03
"20-OCT-2013 07:30","HEN_T5.T5","19","17",54.10,274.00,0.01,0.13,10.43,10.41,0.00,-1.33
"20-OCT-2013 07:30","HEP_ROS1.1","37","93",-7.21,152.42,0.01,0.00,10.44,10.42,0.00,-0.01
"20-OCT-2013 07:30","HEP_ROS2.1","37","93",-7.48,152.00,0.01,0.00,10.44,10.42,0.00,-0.01
"20-OCT-2013 07:30","HEP_T1.T1","37","36",16.18,136.00,0.02,0.04,10.44,10.46,0.00,-0.17
"20-OCT-2013 07:30","HEP_T2.T2","37","36",15.21,103.00,0.03,0.04,10.44,10.46,0.00,-0.24
"20-OCT-2013 07:30","HEP_T3.T3","37","36",16.13,136.00,0.02,0.04,10.44,10.46,0.00,-0.17
"20-OCT-2013 07:30","HIN_KPO.1","137","122",-33.49,70.68,0.38,0.00,10.81,10.57,0.00,2.06
"20-OCT-2013 07:30","HIN_T1.T1","137","136",12.88,37.20,0.02,0.04,10.81,10.86,0.00,-0.04
"20-OCT-2013 07:30","HIN_T2.T2","137","136",20.18,52.10,0.03,0.06,10.81,10.86,0.00,-0.04
"20-OCT-2013 07:30","HKK_KUM1.1","600","609",0.67,29.61,0.01,0.00,9.12,9.19,0.00,-0.01
"20-OCT-2013 07:30","HKK_OTI2.1","600","611",-4.85,29.61,0.15,0.00,9.12,8.95,0.00,-0.25
"20-OCT-2013 07:30","HKK_T1.T1","600","599",2.02,2000.00,0.00,0.00,9.12,9.12,0.00,0.00
"20-OCT-2013 07:30","HKK_T2.T2","600","599",2.02,2000.00,0.00,0.00,9.12,9.12,0.00,0.00
"20-OCT-2013 07:30","HLY_OHW1.1","164","155",56.87,730.48,0.11,0.00,10.28,10.30,0.00,-0.16
"20-OCT-2013 07:30","HLY_OHW2.1","164","155",56.77,730.48,0.11,0.00,10.28,10.30,0.00,-0.16
"20-OCT-2013 07:30","HLY_OTA2.1","164","99",107.85,730.31,0.74,0.00,10.28,10.37,0.00,1.00
"20-OCT-2013 07:30","HLY_OTA2.2","78","99",-84.07,714.00,0.06,0.00,10.38,10.37,0.00,0.14
"20-OCT-2013 07:30","HLY_SFD.1","164","350",-36.19,354.00,1.16,0.00,10.28,9.93,0.00,0.33
"20-OCT-2013 07:30","HLY_T1.T1","164","161",0.00,2000.00,0.00,0.00,10.28,10.28,0.00,0.00
"20-OCT-2013 07:30","HLY_T2.T2","164","158",0.00,2000.00,0.00,0.00,10.28,10.28,0.00,0.00
"20-OCT-2013 07:30","HLY_T21.T21","164","163",7.95,82.00,0.01,0.03,10.28,10.29,0.00,-0.17
"20-OCT-2013 07:30","HLY_T22.T22","164","163",7.98,82.00,0.01,0.03,10.28,10.29,0.00,-0.17
"20-OCT-2013 07:30","HLY_T3.T3","164","160",0.00,2000.00,0.00,0.00,10.28,10.28,0.00,0.00
"20-OCT-2013 07:30","HLY_T4.T4","164","159",0.00,2000.00,0.00,0.00,10.28,10.28,0.00,0.00
"20-OCT-2013 07:30","HLY_T5.T5","164","156",0.00,2000.00,0.00,0.00,10.28,10.28,0.00,0.00
"20-OCT-2013 07:30","HLY_T500.T500","164","162",-290.00,2000.00,0.00,0.00,10.28,10.28,0.00,0.00
"20-OCT-2013 07:30","HLY_T6.T6","164","156",0.00,2000.00,0.00,0.00,10.28,10.28,0.00,0.00
"20-OCT-2013 07:30","HLY_T600.T600","164","157",0.00,2000.00,0.00,0.00,10.28,10.28,0.00,0.00
"20-OCT-2013 07:30","HLY_TWH1.1","164","153",-46.99,480.89,0.22,0.00,10.28,10.24,0.00,-0.22
"20-OCT-2013 07:30","HOB_T12.L12","777","57",0.00,51.20,0.00,0.00,10.48,10.48,0.00,0.00
"20-OCT-2013 07:30","HOB_T12.M12","778","57",0.00,184.00,0.00,0.00,10.48,10.48,0.00,0.00
"20-OCT-2013 07:30","HOB_T12.T12","59","57",0.02,320.00,0.00,0.04,10.47,10.48,0.00,-0.19
"20-OCT-2013 07:30","HOB_WRD1.1","59","55",-0.04,579.00,0.00,0.00,10.47,10.47,0.00,0.00
"20-OCT-2013 07:30","HOR_KBY_ISL1.1","603","604",5.91,65.00,0.05,0.00,9.43,9.52,0.00,0.02
"20-OCT-2013 07:30","HOR_KBY_ISL1.2","535","604",0.02,60.00,0.00,0.00,9.36,9.52,0.00,0.00
"20-OCT-2013 07:30","HOR_KBY_ISL1.3","604","770",5.88,55.00,0.00,0.00,9.52,9.53,0.00,0.00
"20-OCT-2013 07:30","HOR_KBY_ISL2.1","603","605",5.90,65.00,0.05,0.00,9.43,9.52,0.00,0.02
"20-OCT-2013 07:30","HOR_KBY_ISL2.2","535","605",0.01,60.00,0.00,0.00,9.36,9.52,0.00,0.00
"20-OCT-2013 07:30","HOR_KBY_ISL2.3","605","607",5.86,55.00,0.00,0.00,9.52,9.53,0.00,0.00
"20-OCT-2013 07:30","HOR_T5.T5","603","602",3.29,22.80,0.01,0.01,9.43,9.45,0.00,-0.06
"20-OCT-2013 07:30","HOR_T8.T8","603","602",3.29,22.80,0.01,0.01,9.43,9.45,0.00,-0.06
"20-OCT-2013 07:30","HPI_MDN1.1","14","13",66.46,457.26,0.53,0.00,10.46,10.64,0.00,3.26
"20-OCT-2013 07:30","HTI_T1.T1","135","134",5.71,22.00,0.01,0.04,10.36,10.38,0.00,-0.21
"20-OCT-2013 07:30","HTI_T2.T2","135","134",5.95,25.00,0.01,0.03,10.36,10.38,0.00,-0.15
"20-OCT-2013 07:30","HUI_MNI1.1","331","337",-2.03,100.00,0.01,0.00,10.06,10.05,0.00,-0.02
"20-OCT-2013 07:30","HUI_T5.T5","331","330",4.59,24.00,0.01,0.04,10.06,10.08,0.00,-0.20
"20-OCT-2013 07:30","HUI_T6.T6","331","330",4.33,22.20,0.01,0.04,10.06,10.08,0.00,-0.20
"20-OCT-2013 07:30","HWA_PTA.1","329","360",-21.00,37.00,0.00,0.00,9.92,9.92,0.00,0.00
"20-OCT-2013 07:30","HWA_R72.1","329","329",0.00,95.00,0.00,0.00,9.92,9.92,0.00,0.00
"20-OCT-2013 07:30","HWA_SFD1.1","329","349",11.01,76.00,0.04,0.00,9.92,9.93,0.00,-0.13
"20-OCT-2013 07:30","HWA_T1.T1","329","760",10.03,34.80,0.01,0.05,9.92,9.93,0.00,-0.26
"20-OCT-2013 07:30","HWA_T2.T2","329","760",9.80,34.80,0.01,0.03,9.92,9.93,0.00,-0.16
"20-OCT-2013 07:30","HWA_T3.T3","329","328",7.82,38.30,0.01,0.01,9.92,9.94,0.00,-0.07
"20-OCT-2013 07:30","HWA_WAA1.1","329","356",-7.00,2000.00,0.00,0.00,9.92,9.92,0.00,0.00
"20-OCT-2013 07:30","HWA_WAA2.1","329","356",-7.00,2000.00,0.00,0.00,9.92,9.92,0.00,0.00
"20-OCT-2013 07:30","HWA_WVY1.1","329","358",-3.74,114.00,0.03,0.00,9.92,9.88,0.00,-0.06
"20-OCT-2013 07:30","HWB_PAL1.1","707","726",4.49,56.00,0.04,0.00,9.10,9.18,0.00,0.00
"20-OCT-2013 07:30","HWB_PAL2.1","707","814",0.00,56.00,0.00,0.00,9.10,9.10,0.00,0.00
"20-OCT-2013 07:30","HWB_ROX1.1","707","737",-14.41,70.68,0.45,0.00,9.10,8.90,0.00,-0.62
"20-OCT-2013 07:30","HWB_ROX2.1","707","737",-14.41,70.68,0.45,0.00,9.10,8.90,0.00,-0.62
"20-OCT-2013 07:30","HWB_SDN.1","708","740",3.06,352.09,0.00,0.00,9.08,9.09,0.00,-0.01
"20-OCT-2013 07:30","HWB_T1.L1","811","704",0.00,32.10,0.00,0.00,9.10,9.10,0.00,0.00
"20-OCT-2013 07:30","HWB_T1.M1","772","704",-7.44,53.50,0.00,0.00,9.11,9.10,0.00,0.00
"20-OCT-2013 07:30","HWB_T1.T1","707","704",7.49,53.50,0.00,0.09,9.10,9.10,0.00,-0.41
"20-OCT-2013 07:30","HWB_T2.L2","812","705",0.00,32.10,0.00,0.00,9.10,9.10,0.00,0.00
"20-OCT-2013 07:30","HWB_T2.M2","772","705",-7.57,53.50,0.00,0.00,9.11,9.10,0.00,0.00
"20-OCT-2013 07:30","HWB_T2.T2","707","705",7.62,53.50,0.00,0.09,9.10,9.10,0.00,-0.42
"20-OCT-2013 07:30","HWB_T4.L4","813","706",0.00,73.80,0.00,0.00,9.09,9.09,0.00,0.00
"20-OCT-2013 07:30","HWB_T4.M4","707","706",-5.15,123.00,0.00,0.00,9.10,9.09,0.00,0.02
"20-OCT-2013 07:30","HWB_T4.T4","708","706",5.20,143.50,0.00,0.09,9.08,9.09,0.00,-0.38
"20-OCT-2013 07:30","HWB_T5.T5","708","703",30.32,110.00,0.03,0.09,9.08,9.09,0.00,-0.42
"20-OCT-2013 07:30","HWB_TMH.1","708","741",-38.68,352.09,0.02,0.00,9.08,9.07,0.00,-0.01
"20-OCT-2013 07:30","HWB_WPIA.1","703","743",0.00,2000.00,0.00,0.00,9.09,9.09,0.00,0.00
"20-OCT-2013 07:30","HWB_WPIB.1","703","743",0.00,2000.00,0.00,0.00,9.09,9.09,0.00,0.00
"20-OCT-2013 07:30","HWB_WPIC.1","703","743",0.00,2000.00,0.00,0.00,9.09,9.09,0.00,0.00
"20-OCT-2013 07:30","IGH_KIK1.1","490","498",-5.04,62.00,0.05,0.00,9.75,9.67,0.00,-0.04
"20-OCT-2013 07:30","IGH_KIK1.2","495","498",7.26,62.11,0.10,0.00,9.56,9.67,0.00,-0.08
"20-OCT-2013 07:30","IGH_KIK2.1","490","495",-7.13,97.00,0.09,0.00,9.75,9.56,0.00,0.23
"20-OCT-2013 07:30","IGH_WMG1.1","490","767",4.32,76.00,0.02,0.00,9.75,9.80,0.00,0.00
"20-OCT-2013 07:30","IGH_WMG2.1","490","513",4.29,62.11,0.03,0.00,9.75,9.82,0.00,-0.01
"20-OCT-2013 07:30","INV_MAN.1","713","722",-183.58,348.00,4.65,0.00,9.24,8.83,0.00,15.79
"20-OCT-2013 07:30","INV_NMA.1","713","724",-26.75,451.00,0.03,0.00,9.24,9.25,0.00,-0.24
"20-OCT-2013 07:30","INV_ROX1.1","713","738",-88.35,365.05,1.38,0.00,9.24,9.02,0.00,3.41
"20-OCT-2013 07:30","INV_ROX2.1","713","738",-88.70,365.05,1.36,0.00,9.24,9.02,0.00,3.54
"20-OCT-2013 07:30","INV_T1.L1","815","711",0.00,25.30,0.00,0.00,9.28,9.28,0.00,0.00
"20-OCT-2013 07:30","INV_T1.M1","712","711",-10.94,62.50,0.01,0.00,9.34,9.28,0.00,0.27
"20-OCT-2013 07:30","INV_T1.T1","713","711",10.99,73.10,0.01,0.07,9.24,9.28,0.00,-0.16
"20-OCT-2013 07:30","INV_T3.T3","713","710",19.23,109.00,0.01,0.05,9.24,9.24,0.00,-0.22
"20-OCT-2013 07:30","INV_T5.T5","713","710",19.30,109.00,0.01,0.05,9.24,9.24,0.00,-0.23
"20-OCT-2013 07:30","INV_TWI1.1","713","742",165.28,430.00,0.57,0.00,9.24,9.30,0.00,2.72
"20-OCT-2013 07:30","INV_TWI2.1","713","742",165.07,430.00,0.57,0.00,9.24,9.30,0.00,2.71
"20-OCT-2013 07:30","ISL_KIK1.1","539","496",39.19,266.35,0.78,0.00,9.35,9.57,0.00,0.63
"20-OCT-2013 07:30","ISL_KIK2.1","539","548",52.72,365.05,0.33,0.00,9.35,9.40,0.00,-0.12
"20-OCT-2013 07:30","ISL_KIK2.2","524","548",-40.49,365.05,0.19,0.00,9.45,9.40,0.00,-0.02
"20-OCT-2013 07:30","ISL_KIK2.3","524","496",35.09,311.00,0.47,0.00,9.45,9.57,0.00,-0.06
"20-OCT-2013 07:30","ISL_KIK3.1","539","549",52.69,365.05,0.34,0.00,9.35,9.40,0.00,-0.15
"20-OCT-2013 07:30","ISL_KIK3.2","525","549",-40.45,365.05,0.19,0.00,9.45,9.40,0.00,-0.03
"20-OCT-2013 07:30","ISL_KIK3.3","525","496",35.04,311.00,0.48,0.00,9.45,9.57,0.00,-0.10
"20-OCT-2013 07:30","ISL_LIV.1","539","643",-90.66,450.78,1.96,0.00,9.35,9.11,0.00,1.81
"20-OCT-2013 07:30","ISL_SBK1.1","535","543",11.46,62.76,0.18,0.00,9.36,9.52,0.00,0.10
"20-OCT-2013 07:30","ISL_SBK2.1","535","543",11.46,62.76,0.18,0.00,9.36,9.52,0.00,0.10
"20-OCT-2013 07:30","ISL_SPN1.1","535","545",12.69,57.96,0.09,0.00,9.36,9.43,0.00,0.00
"20-OCT-2013 07:30","ISL_SPN2.1","535","545",12.65,57.96,0.09,0.00,9.36,9.43,0.00,0.00
"20-OCT-2013 07:30","ISL_T1.T1","539","534",13.00,107.00,0.01,0.04,9.35,9.36,0.00,-0.16
"20-OCT-2013 07:30","ISL_T2.T2","539","534",12.96,107.00,0.01,0.04,9.35,9.36,0.00,-0.17
"20-OCT-2013 07:30","ISL_T3.L3","532","537",0.00,60.20,0.00,0.00,9.36,9.36,0.00,0.00
"20-OCT-2013 07:30","ISL_T3.M3","535","537",-56.77,252.00,0.01,0.00,9.36,9.36,0.00,0.00
"20-OCT-2013 07:30","ISL_T3.T3","539","537",56.91,252.00,0.03,0.22,9.35,9.36,0.00,-0.95
"20-OCT-2013 07:30","ISL_T6.L6","531","536",0.00,71.20,0.00,0.00,9.36,9.36,0.00,0.00
"20-OCT-2013 07:30","ISL_T6.M6","535","536",-62.17,296.70,0.02,0.00,9.36,9.36,0.00,0.00
"20-OCT-2013 07:30","ISL_T6.T6","539","536",62.25,305.10,0.04,0.10,9.35,9.36,0.00,-0.46
"20-OCT-2013 07:30","ISL_T7.L7","804","538",0.00,75.60,0.00,0.00,9.36,9.36,0.00,0.00
"20-OCT-2013 07:30","ISL_T7.M7","535","538",-56.61,252.00,0.01,0.00,9.36,9.36,0.00,0.00
"20-OCT-2013 07:30","ISL_T7.T7","539","538",56.75,252.00,0.03,0.22,9.35,9.36,0.00,-0.95
"20-OCT-2013 07:30","ISL_TKB.1","539","667",-114.55,589.11,3.08,0.00,9.35,9.11,0.00,-0.71
"20-OCT-2013 07:30","KAG_GEN.1","293","255",101.00,2000.00,0.00,0.00,9.88,9.88,0.00,0.00
"20-OCT-2013 07:30","KAG_T1.T1","293","292",-50.50,2000.00,0.00,0.00,9.88,9.88,0.00,0.00
"20-OCT-2013 07:30","KAG_T2.T2","293","292",-50.50,2000.00,0.00,0.00,9.88,9.88,0.00,0.00
"20-OCT-2013 07:30","KAI_SBK1.1","541","543",-5.40,44.70,0.02,0.00,9.57,9.52,0.00,0.00
"20-OCT-2013 07:30","KAI_SBK2.1","541","543",-5.41,44.70,0.02,0.00,9.57,9.52,0.00,0.00
"20-OCT-2013 07:30","KAI_T1.T1","541","540",5.38,37.60,0.01,0.01,9.57,9.58,0.00,-0.05
"20-OCT-2013 07:30","KAI_T2.T2","541","540",5.37,37.60,0.01,0.01,9.57,9.58,0.00,-0.05
"20-OCT-2013 07:30","KAW_MAT1.1","255","756",-16.32,93.17,0.05,0.00,9.88,9.85,0.00,0.00
"20-OCT-2013 07:30","KAW_OHK.1","256","186",6.13,266.35,0.05,0.00,9.93,9.96,0.00,-0.15
"20-OCT-2013 07:30","KAW_ONU1.1","253","218",-20.00,2000.00,0.00,0.00,9.87,9.87,0.00,0.00
"20-OCT-2013 07:30","KAW_ONU2.1","253","219",0.00,2000.00,0.00,0.00,9.87,9.87,0.00,0.00
"20-OCT-2013 07:30","KAW_ONU3.1","253","216",0.00,2000.00,0.00,0.00,9.87,9.87,0.00,0.00
"20-OCT-2013 07:30","KAW_ONU4.1","253","217",0.00,2000.00,0.00,0.00,9.87,9.87,0.00,0.00
"20-OCT-2013 07:30","KAW_T1.T1","254","255",-3.75,25.40,0.01,0.05,9.90,9.88,0.00,-0.26
"20-OCT-2013 07:30","KAW_T11.T11","256","252",19.39,99.50,0.02,0.03,9.93,9.94,0.00,-0.15
"20-OCT-2013 07:30","KAW_T12.T12","256","255",-38.92,96.20,0.08,0.02,9.93,9.88,0.00,0.47
"20-OCT-2013 07:30","KAW_T13.T13","256","255",-80.32,98.40,0.19,0.05,9.93,9.88,0.00,0.79
"20-OCT-2013 07:30","KAW_T14.T14","256","252",19.44,99.50,0.02,0.03,9.93,9.94,0.00,-0.15
"20-OCT-2013 07:30","KAW_T2.T2","254","255",-3.75,25.60,0.01,0.05,9.90,9.88,0.00,-0.26
"20-OCT-2013 07:30","KAW_T6.T6","255","253",-2.35,45.00,0.00,0.03,9.88,9.87,0.00,-0.13
"20-OCT-2013 07:30","KAW_T7.T7","255","253",-2.35,45.00,0.00,0.03,9.88,9.87,0.00,-0.13
"20-OCT-2013 07:30","KAW_T8.T8","255","253",-2.43,53.70,0.00,0.02,9.88,9.87,0.00,-0.11
"20-OCT-2013 07:30","KAW_T9.T9","255","253",-2.48,65.10,0.00,0.03,9.88,9.87,0.00,-0.12
"20-OCT-2013 07:30","KBY_T1.T1","607","606",5.85,2000.00,0.00,0.00,9.53,9.53,0.00,0.00
"20-OCT-2013 07:30","KBY_T2.T2","770","606",5.88,2000.00,0.00,0.00,9.53,9.53,0.00,0.00
"20-OCT-2013 07:30","KEN_MPE1.1","42","45",-15.96,70.00,0.03,0.00,10.86,10.85,0.00,0.00
"20-OCT-2013 07:30","KEN_MPE2.1","41","45",-16.63,70.00,0.03,0.00,10.86,10.85,0.00,0.00
"20-OCT-2013 07:30","KEN_T1.T1","42","40",15.90,64.50,0.02,0.06,10.86,10.88,0.00,-0.32
"20-OCT-2013 07:30","KEN_T2.T2","41","40",16.58,59.00,0.02,0.04,10.86,10.88,0.00,-0.25
"20-OCT-2013 07:30","KIK_STC2A.1","799","492",0.00,2000.00,0.00,0.00,9.54,9.54,0.00,0.00
"20-OCT-2013 07:30","KIK_STC2B.1","765","492",0.00,2000.00,0.00,0.00,9.54,9.54,0.00,0.00
"20-OCT-2013 07:30","KIK_STK1.1","496","511",41.28,266.35,0.19,0.00,9.57,9.62,0.00,0.15
"20-OCT-2013 07:30","KIK_STK2.1","496","511",41.27,266.35,0.19,0.00,9.57,9.62,0.00,0.15
"20-OCT-2013 07:30","KIK_STK3.1","495","510",7.67,62.11,0.11,0.00,9.56,9.65,0.00,-0.18
"20-OCT-2013 07:30","KIK_T1.L1","491","493",-1.41,8.80,0.00,0.00,9.58,9.57,0.00,0.00
"20-OCT-2013 07:30","KIK_T1.M1","800","493",0.00,62.50,0.00,0.00,9.57,9.57,0.00,0.00
"20-OCT-2013 07:30","KIK_T1.T1","496","493",1.47,62.50,0.00,0.12,9.57,9.57,0.00,-0.57
"20-OCT-2013 07:30","KIK_T2.L2","765","494",0.00,60.00,0.00,0.00,9.54,9.56,0.00,0.00
"20-OCT-2013 07:30","KIK_T2.M2","495","494",-23.46,182.30,0.01,0.00,9.56,9.56,0.00,0.01
"20-OCT-2013 07:30","KIK_T2.T2","496","494",23.48,182.30,0.00,0.04,9.57,9.56,0.00,-0.41
"20-OCT-2013 07:30","KILN_COGEN.1","751","88",-37.00,2000.00,0.00,0.00,10.39,10.39,0.00,0.00
"20-OCT-2013 07:30","KIN_T1A.T1A","142","138",22.18,35.60,0.07,0.03,10.17,10.23,0.00,0.08
"20-OCT-2013 07:30","KIN_T2.T2","142","138",21.75,35.60,0.07,0.05,10.17,10.23,0.00,-0.05
"20-OCT-2013 07:30","KIN_T3A.T3A","754","142",-4.77,13.00,0.02,0.03,10.26,10.17,0.00,-0.06
"20-OCT-2013 07:30","KIN_T3B.T3B","754","142",-9.47,23.70,0.03,0.05,10.26,10.17,0.00,-0.02
"20-OCT-2013 07:30","KIN_T4.T4","142","140",9.94,36.90,0.01,0.05,10.17,10.19,0.00,-0.28
"20-OCT-2013 07:30","KIN_T5.L5","139","141",20.61,35.70,0.01,0.00,10.16,10.17,0.00,0.05
"20-OCT-2013 07:30","KIN_T5.M5","788","141",0.00,23.80,0.00,0.00,10.17,10.17,0.00,0.00
"20-OCT-2013 07:30","KIN_T5.T5","142","141",-20.59,52.20,0.01,0.02,10.17,10.17,0.00,-0.07
"20-OCT-2013 07:30","KIN_TRK1.1","142","258",-1.29,56.59,0.01,0.00,10.17,10.13,0.00,0.00
"20-OCT-2013 07:30","KIN_TRK1.2","258","276",-4.58,56.59,0.03,0.00,10.13,10.04,0.00,0.03
"20-OCT-2013 07:30","KIN_TRK2.1","142","259",-0.90,70.68,0.00,0.00,10.17,10.14,0.00,0.00
"20-OCT-2013 07:30","KIN_TRK2.2","259","276",-4.14,70.68,0.05,0.00,10.14,10.04,0.00,-0.03
"20-OCT-2013 07:30","KMI_T1.T1","284","283",-30.00,2000.00,0.00,0.00,10.14,10.14,0.00,0.00
"20-OCT-2013 07:30","KMI_TGA1.1","284","279",30.00,2000.00,0.00,0.00,10.14,10.14,0.00,0.00
"20-OCT-2013 07:30","KMO_MTM_TGA2.1","290","268",15.28,100.79,0.01,0.00,10.11,10.12,0.00,0.00
"20-OCT-2013 07:30","KMO_MTM_TGA2.2","268","280",4.36,100.79,0.00,0.00,10.12,10.13,0.00,0.00
"20-OCT-2013 07:30","KMO_MTM_TGA2.3","264","268",-10.91,70.68,0.03,0.00,10.14,10.12,0.00,-0.01
"20-OCT-2013 07:30","KMO_MTM1.1","290","264",13.46,70.68,0.03,0.00,10.11,10.14,0.00,0.01
"20-OCT-2013 07:30","KMO_T1.T1","290","289",6.76,90.40,0.01,0.02,10.11,10.12,0.00,-0.13
"20-OCT-2013 07:30","KMO_T2.T2","291","290",22.13,216.60,0.02,0.03,10.09,10.11,0.00,0.00
"20-OCT-2013 07:30","KMO_T4.T4","291","290",22.13,216.60,0.02,0.03,10.09,10.11,0.00,0.00
"20-OCT-2013 07:30","KMO_TGA1.1","290","280",8.89,100.79,0.01,0.00,10.11,10.13,0.00,0.00
"20-OCT-2013 07:30","KMO_TMI1.1","290","282",-0.21,70.73,0.00,0.00,10.11,10.09,0.00,0.00
"20-OCT-2013 07:30","KMO_TRK1.1","291","277",-22.23,381.00,0.11,0.00,10.09,10.04,0.00,0.07
"20-OCT-2013 07:30","KMO_TRK2.1","291","277",-22.28,381.00,0.11,0.00,10.09,10.04,0.00,0.07
"20-OCT-2013 07:30","KOE_KTA1.1","6","39",12.41,2000.00,0.00,0.00,11.00,11.00,0.00,0.00
"20-OCT-2013 07:30","KOE_MPE1.1","6","45",-8.39,70.68,0.12,0.00,11.00,10.85,0.00,0.00
"20-OCT-2013 07:30","KOE_MPE2.1","6","45",-8.39,70.68,0.12,0.00,11.00,10.85,0.00,0.00
"20-OCT-2013 07:30","KOE_NGA1.1","4","7",0.00,2000.00,0.00,0.00,11.00,11.00,0.00,0.00
"20-OCT-2013 07:30","KOE_T2.L2","3","5",0.00,2000.00,0.00,0.00,11.00,11.00,0.00,0.00
"20-OCT-2013 07:30","KOE_T2.M2","4","5",-1.57,2000.00,0.00,0.00,11.00,11.00,0.00,0.00
"20-OCT-2013 07:30","KOE_T2.T2","6","5",1.57,2000.00,0.00,0.00,11.00,11.00,0.00,0.00
"20-OCT-2013 07:30","KOE_T3.T3","6","4",2.56,2000.00,0.00,0.00,11.00,11.00,0.00,0.00
"20-OCT-2013 07:30","KPI_T1.T1","334","333",-18.00,2000.00,0.00,0.00,9.90,9.90,0.00,0.00
"20-OCT-2013 07:30","KPO_T1.T1","122","119",-15.33,2000.00,0.00,0.00,10.57,10.57,0.00,0.00
"20-OCT-2013 07:30","KPO_T2.T2","122","121",-15.33,2000.00,0.00,0.00,10.57,10.57,0.00,0.00
"20-OCT-2013 07:30","KPO_T3.T3","122","120",-15.33,2000.00,0.00,0.00,10.57,10.57,0.00,0.00
"20-OCT-2013 07:30","KPO_TMU.1","122","112",26.76,70.68,0.23,0.00,10.57,10.82,0.00,2.15
"20-OCT-2013 07:30","KPU_T3.T3","755","143",12.50,45.00,0.02,0.04,10.74,10.75,0.00,-0.21
"20-OCT-2013 07:30","KPU_T4.T4","144","143",12.50,45.00,0.02,0.04,10.74,10.75,0.00,-0.22
"20-OCT-2013 07:30","KPU_WKO1.1","144","151",-12.60,114.32,0.08,0.00,10.74,10.67,0.00,0.00
"20-OCT-2013 07:30","KPU_WKO2.1","755","151",-12.60,114.32,0.08,0.00,10.74,10.67,0.00,0.00
"20-OCT-2013 07:30","KTA_T4.T4","39","38",6.24,2000.00,0.00,0.00,11.00,11.00,0.00,0.00
"20-OCT-2013 07:30","KTA_T5.T5","39","38",6.17,2000.00,0.00,0.00,11.00,11.00,0.00,0.00
"20-OCT-2013 07:30","KUM_OTI.1","609","611",-5.99,27.00,0.14,0.00,9.19,8.95,0.00,0.07
"20-OCT-2013 07:30","KUM_T1.T1","609","608",-4.64,2000.00,0.00,0.00,9.19,9.19,0.00,0.00
"20-OCT-2013 07:30","KWA_T2.T2","762","456",6.13,37.60,0.01,0.02,9.63,9.64,0.00,-0.07
"20-OCT-2013 07:30","KWA_T3.T3","457","456",6.13,37.60,0.01,0.02,9.63,9.64,0.00,-0.07
"20-OCT-2013 07:30","KWA_WIL1.1","762","476",-6.15,62.11,0.00,0.00,9.63,9.63,0.00,0.00
"20-OCT-2013 07:30","KWA_WIL2.1","457","476",-6.14,62.11,0.00,0.00,9.63,9.63,0.00,0.00
"20-OCT-2013 07:30","LFD_T1.T1","258","257",3.26,2000.00,0.00,0.00,10.13,10.13,0.00,0.01
"20-OCT-2013 07:30","LFD_T2.T2","259","257",3.20,2000.00,0.00,0.00,10.14,10.13,0.00,-0.01
"20-OCT-2013 07:30","LIV_NSY.1","643","645",-5.48,225.20,0.03,0.00,9.11,9.08,0.00,-0.03
"20-OCT-2013 07:30","LIV_WTK.1","643","678",-85.58,308.65,0.37,0.00,9.11,9.05,0.00,0.67
"20-OCT-2013 07:30","LST_PEN1.1","104","64",-39.84,259.00,0.00,0.00,10.41,10.41,0.00,0.00
"20-OCT-2013 07:30","LST_PEN2.1","104","64",-39.84,259.00,0.00,0.00,10.41,10.41,0.00,0.00
"20-OCT-2013 07:30","LST_ROS1.1","105","785",0.00,238.00,0.00,0.00,10.41,10.41,0.00,0.00
"20-OCT-2013 07:30","LST_ROS1.2","105","104",-35.98,183.00,0.00,0.00,10.41,10.41,0.00,0.00
"20-OCT-2013 07:30","LTN_T2.T2","385","383",-1.55,60.00,0.00,0.02,9.75,9.76,0.00,-0.10
"20-OCT-2013 07:30","LTN_T3.T3","384","383",0.44,82.00,0.00,0.05,9.75,9.76,0.00,-0.25
"20-OCT-2013 07:30","LTN_TWF1.1","383","417",0.00,2000.00,0.00,0.00,9.76,9.76,0.00,0.00
"20-OCT-2013 07:30","MAH_WPI.1","747","743",0.00,2000.00,0.00,0.00,9.09,9.09,0.00,0.00
"20-OCT-2013 07:30","MAN_NMA3.1","722","724",195.40,348.00,4.82,0.00,8.83,9.25,0.00,18.24
"20-OCT-2013 07:30","MAN_T1.T1","722","718",-54.29,2000.00,0.00,0.00,8.83,8.83,0.00,0.00
"20-OCT-2013 07:30","MAN_T2.T2","722","717",-54.29,2000.00,0.00,0.00,8.83,8.83,0.00,0.00
"20-OCT-2013 07:30","MAN_T3.T3","722","716",-54.29,2000.00,0.00,0.00,8.83,8.83,0.00,0.00
"20-OCT-2013 07:30","MAN_T4.T4","722","720",-54.29,2000.00,0.00,0.00,8.83,8.83,0.00,0.00
"20-OCT-2013 07:30","MAN_T5.T5","722","721",-54.29,2000.00,0.00,0.00,8.83,8.83,0.00,0.00
"20-OCT-2013 07:30","MAN_T6.T6","722","715",-54.29,2000.00,0.00,0.00,8.83,8.83,0.00,0.00
"20-OCT-2013 07:30","MAN_T7.T7","722","719",-54.29,2000.00,0.00,0.00,8.83,8.83,0.00,0.00
"20-OCT-2013 07:30","MAN_T8.T8","722","714",0.51,2000.00,0.00,0.00,8.83,8.83,0.00,0.00
"20-OCT-2013 07:30","MAN_T9.T9","722","714",0.51,2000.00,0.00,0.00,8.83,8.83,0.00,0.00
"20-OCT-2013 07:30","MAT_T1.T1","756","261",0.00,2000.00,0.00,0.00,9.85,9.85,0.00,0.00
"20-OCT-2013 07:30","MAT_T2.T2","262","260",-22.00,2000.00,0.00,0.00,9.71,9.71,0.00,0.00
"20-OCT-2013 07:30","MCH_T1.T1","497","498",-2.10,4.50,0.01,0.03,9.74,9.67,0.00,-0.10
"20-OCT-2013 07:30","MDN_MPE1.1","12","45",35.80,228.63,0.20,0.00,10.71,10.85,0.00,1.24
"20-OCT-2013 07:30","MDN_MPE2.1","12","45",35.80,228.63,0.20,0.00,10.71,10.85,0.00,1.24
"20-OCT-2013 07:30","MDN_T5.L5","773","10",0.00,48.00,0.00,0.00,10.72,10.72,0.00,0.00
"20-OCT-2013 07:30","MDN_T5.M5","12","10",-35.81,179.80,0.01,0.00,10.71,10.72,0.00,-0.09
"20-OCT-2013 07:30","MDN_T5.T5","13","10",35.84,179.80,0.01,0.04,10.64,10.72,0.00,1.12
"20-OCT-2013 07:30","MDN_T6.L6","774","11",0.00,48.00,0.00,0.00,10.72,10.72,0.00,0.00
"20-OCT-2013 07:30","MDN_T6.M6","12","11",-35.81,179.80,0.01,0.00,10.71,10.72,0.00,-0.09
"20-OCT-2013 07:30","MDN_T6.T6","13","11",35.84,179.80,0.01,0.04,10.64,10.72,0.00,1.12
"20-OCT-2013 07:30","MGM_MST1.1","459","465",4.77,142.00,0.07,0.00,9.72,9.81,0.00,-0.14
"20-OCT-2013 07:30","MGM_T2.T2","459","458",4.02,27.10,0.01,0.02,9.72,9.74,0.00,-0.08
"20-OCT-2013 07:30","MGM_T3.T3","459","458",4.33,27.10,0.01,0.02,9.72,9.74,0.00,-0.08
"20-OCT-2013 07:30","MGM_WDV1.1","459","406",-13.23,142.00,0.09,0.00,9.72,9.68,0.00,-0.18
"20-OCT-2013 07:30","MHO_T1.T1","387","386",0.00,2000.00,0.00,0.00,9.86,9.86,0.00,0.00
"20-OCT-2013 07:30","MHO_T3.T3","389","387",8.61,36.60,0.01,0.03,9.85,9.86,0.00,-0.15
"20-OCT-2013 07:30","MHO_T4.T4","388","387",8.55,37.20,0.01,0.04,9.85,9.86,0.00,-0.19
"20-OCT-2013 07:30","MKE_T1.T1","340","338",0.09,2000.00,0.00,0.00,10.06,10.06,0.00,0.00
"20-OCT-2013 07:30","MKE_T2.T2","340","339",0.09,2000.00,0.00,0.00,10.06,10.06,0.00,0.00
"20-OCT-2013 07:30","MLG_T1.T1","462","460",5.17,30.20,0.01,0.01,9.66,9.67,0.00,-0.07
"20-OCT-2013 07:30","MLG_T2.T2","463","460",5.13,30.20,0.01,0.01,9.66,9.67,0.00,-0.07
"20-OCT-2013 07:30","MLG_T3.T3","462","461",5.56,52.10,0.01,0.05,9.66,9.68,0.00,-0.25
"20-OCT-2013 07:30","MLG_T4.T4","463","461",5.52,52.10,0.01,0.05,9.66,9.68,0.00,-0.25
"20-OCT-2013 07:30","MNG_OTA1.1","91","76",-46.00,305.00,0.03,0.00,10.38,10.38,0.00,0.00
"20-OCT-2013 07:30","MNG_OTA2.1","91","76",-45.96,305.00,0.03,0.00,10.38,10.38,0.00,0.00
"20-OCT-2013 07:30","MNG_ROS1.1","91","93",20.31,100.00,0.08,0.00,10.38,10.42,0.00,0.00
"20-OCT-2013 07:30","MNG_ROS2.1","91","93",20.28,100.00,0.08,0.00,10.38,10.42,0.00,0.00
"20-OCT-2013 07:30","MNG_T1.T1","91","90",23.76,118.00,0.02,0.03,10.38,10.39,0.00,-0.15
"20-OCT-2013 07:30","MNG_T2.T2","91","90",23.76,118.00,0.02,0.03,10.38,10.39,0.00,-0.15
"20-OCT-2013 07:30","MNI_MKE_SFD1.1","335","337",5.16,100.00,0.01,0.00,10.04,10.05,0.00,-0.01
"20-OCT-2013 07:30","MNI_MKE_SFD1.2","335","349",-5.42,97.00,0.08,0.00,10.04,9.93,0.00,-0.13
"20-OCT-2013 07:30","MNI_MKE_SFD1.3","340","335",-0.18,114.00,0.00,0.00,10.06,10.04,0.00,0.00
"20-OCT-2013 07:30","MNI_T3.T3","337","336",2.08,22.70,0.00,0.02,10.05,10.06,0.00,-0.11
"20-OCT-2013 07:30","MNI_T4.T4","337","336",2.11,22.70,0.00,0.02,10.05,10.06,0.00,-0.11
"20-OCT-2013 07:30","MOK_T1.T1","191","190",-53.76,2000.00,0.00,0.00,10.16,10.16,0.00,0.00
"20-OCT-2013 07:30","MOK_T2.T2","191","189",-59.24,2000.00,0.00,0.00,10.16,10.16,0.00,0.00
"20-OCT-2013 07:30","MOK_WKM.1","191","198",113.00,2000.00,0.00,0.00,10.16,10.16,0.00,0.00
"20-OCT-2013 07:30","MOT_T5.T5","500","499",8.53,22.60,0.04,0.01,9.81,9.92,0.00,0.25
"20-OCT-2013 07:30","MPE_T1.T1","44","45",-1.58,2000.00,0.00,0.00,10.85,10.85,0.00,0.00
"20-OCT-2013 07:30","MPE_T2.T2","45","43",12.15,2000.00,0.00,0.00,10.85,10.85,0.00,0.00
"20-OCT-2013 07:30","MPE_T3.T3","45","44",4.91,2000.00,0.00,0.00,10.85,10.85,0.00,0.00
"20-OCT-2013 07:30","MPE_T4.T4","45","43",13.80,2000.00,0.00,0.00,10.85,10.85,0.00,0.00
"20-OCT-2013 07:30","MPI_T3.T3","502","501",4.04,2000.00,0.00,0.00,9.97,9.97,0.00,0.00
"20-OCT-2013 07:30","MPI_UTK.1","502","512",-4.06,21.00,0.03,0.00,9.97,9.91,0.00,0.00
"20-OCT-2013 07:30","MST_T2.T2","465","464",10.30,74.60,0.01,0.02,9.81,9.82,0.00,-0.10
"20-OCT-2013 07:30","MST_T3.T3","465","464",10.31,74.60,0.01,0.02,9.81,9.82,0.00,-0.10
"20-OCT-2013 07:30","MST_UHT1.1","432","465",8.00,76.21,0.05,0.00,9.74,9.81,0.00,0.05
"20-OCT-2013 07:30","MST_UHT1.2","432","474",-10.69,70.68,0.08,0.00,9.74,9.65,0.00,0.10
"20-OCT-2013 07:30","MST_UHT2.1","431","465",8.03,76.21,0.05,0.00,9.74,9.81,0.00,0.05
"20-OCT-2013 07:30","MST_UHT2.2","431","474",-10.66,70.68,0.08,0.00,9.74,9.65,0.00,0.10
"20-OCT-2013 07:30","MTI_T1.T1","211","209",-8.30,2000.00,0.00,0.00,10.15,10.15,0.00,0.00
"20-OCT-2013 07:30","MTI_T10.T10","210","211",8.30,2000.00,0.00,0.00,10.15,10.15,0.00,0.00
"20-OCT-2013 07:30","MTI_T2.T2","211","205",-8.30,2000.00,0.00,0.00,10.15,10.15,0.00,0.00
"20-OCT-2013 07:30","MTI_T3.T3","207","211",8.30,2000.00,0.00,0.00,10.15,10.15,0.00,0.00
"20-OCT-2013 07:30","MTI_T4.T4","204","211",8.30,2000.00,0.00,0.00,10.15,10.15,0.00,0.00
"20-OCT-2013 07:30","MTI_T5.T5","203","211",8.30,2000.00,0.00,0.00,10.15,10.15,0.00,0.00
"20-OCT-2013 07:30","MTI_T6.T6","206","211",8.30,2000.00,0.00,0.00,10.15,10.15,0.00,0.00
"20-OCT-2013 07:30","MTI_T7.T7","211","201",-8.30,2000.00,0.00,0.00,10.15,10.15,0.00,0.00
"20-OCT-2013 07:30","MTI_T8.T8","211","208",-8.30,2000.00,0.00,0.00,10.15,10.15,0.00,0.00
"20-OCT-2013 07:30","MTI_T9.T9","202","211",8.30,2000.00,0.00,0.00,10.15,10.15,0.00,0.00
"20-OCT-2013 07:30","MTI_WKM1.1","211","199",52.53,225.20,0.05,0.00,10.15,10.16,0.00,0.00
"20-OCT-2013 07:30","MTI_WKM2.1","211","199",52.46,225.20,0.05,0.00,10.15,10.16,0.00,0.00
"20-OCT-2013 07:30","MTI_WPA.1","211","213",-22.00,112.41,0.01,0.00,10.15,10.15,0.00,0.00
"20-OCT-2013 07:30","MTM_T1.T1","264","263",12.14,90.30,0.01,0.02,10.14,10.15,0.00,-0.12
"20-OCT-2013 07:30","MTM_T3.T3","264","263",12.15,90.30,0.01,0.02,10.14,10.15,0.00,-0.12
"20-OCT-2013 07:30","MTN_T1.T1","392","390",5.45,19.60,0.00,0.05,9.80,9.81,0.00,-0.25
"20-OCT-2013 07:30","MTN_T2.T2","391","390",4.11,19.60,0.00,0.04,9.80,9.81,0.00,-0.21
"20-OCT-2013 07:30","MTO_T1.T1","48","46",6.67,20.00,0.01,0.02,10.91,10.97,0.00,0.04
"20-OCT-2013 07:30","MTO_T2.T2","47","46",6.66,20.00,0.01,0.02,10.91,10.97,0.00,0.04
"20-OCT-2013 07:30","MTR_OKN1.1","394","398",18.34,63.83,0.16,0.00,10.29,10.30,0.00,-0.80
"20-OCT-2013 07:30","MTR_T2.T2","394","393",3.39,19.60,0.00,0.04,10.29,10.30,0.00,-0.20
"20-OCT-2013 07:30","NAP_NTM1.1","166","169",-81.00,2000.00,0.00,0.00,9.75,9.75,0.00,0.00
"20-OCT-2013 07:30","NAP_OKI2.1","166","239",-5.24,481.00,0.01,0.00,9.75,9.73,0.00,0.00
"20-OCT-2013 07:30","NAP_RKA1.1","165","285",0.00,2000.00,0.00,0.00,9.75,9.75,0.00,0.00
"20-OCT-2013 07:30","NAP_T1.T1","166","165",0.24,2000.00,0.00,0.00,9.75,9.75,0.00,0.00
"20-OCT-2013 07:30","NAP_WRK2.1","166","229",85.99,481.00,0.10,0.00,9.75,9.76,0.00,0.00
"20-OCT-2013 07:30","NMA_T1.T1","724","723",-6.98,67.50,0.01,0.03,9.25,9.23,0.00,-0.15
"20-OCT-2013 07:30","NMA_T2.T2","724","723",-6.96,67.50,0.01,0.03,9.25,9.23,0.00,-0.15
"20-OCT-2013 07:30","NMA_TMH1.1","724","741",-34.22,365.00,0.80,0.00,9.25,9.07,0.00,-0.73
"20-OCT-2013 07:30","NMA_TMH2.1","724","741",-34.19,365.00,0.80,0.00,9.25,9.07,0.00,-0.75
"20-OCT-2013 07:30","NMA_TWI1.1","724","742",122.26,427.00,0.37,0.00,9.25,9.30,0.00,1.71
"20-OCT-2013 07:30","NMA_TWI2.1","724","742",122.26,427.00,0.37,0.00,9.25,9.30,0.00,1.71
"20-OCT-2013 07:30","NMA_WHL.NE","723","746",0.00,2000.00,0.00,0.00,9.23,9.23,0.00,0.00
"20-OCT-2013 07:30","NPK_T1.T1","396","395",1.53,10.00,0.00,0.02,10.33,10.35,0.00,-0.12
"20-OCT-2013 07:30","NPL_SFD1.1","343","350",-16.53,559.00,0.06,0.00,9.98,9.93,0.00,0.04
"20-OCT-2013 07:30","NPL_SFD2.1","343","350",-16.50,559.00,0.06,0.00,9.98,9.93,0.00,0.04
"20-OCT-2013 07:30","NPL_T6.T6","342","341",4.47,32.58,0.00,0.03,9.99,10.00,0.00,-0.15
"20-OCT-2013 07:30","NPL_T7.T7","342","341",4.47,32.58,0.00,0.03,9.99,10.00,0.00,-0.15
"20-OCT-2013 07:30","NPL_T8.T8","343","342",32.83,195.30,0.01,0.16,9.98,9.99,0.00,-0.65
"20-OCT-2013 07:30","NSY_PRU1.1","644","680",-11.50,2000.00,0.00,0.00,9.09,9.09,0.00,0.00
"20-OCT-2013 07:30","NSY_ROX.1","645","738",-17.85,225.20,0.16,0.00,9.08,9.02,0.00,-0.20
"20-OCT-2013 07:30","NSY_T1.T1","644","645",-6.09,34.80,0.01,0.02,9.09,9.08,0.00,-0.11
"20-OCT-2013 07:30","NSY_T2.T2","644","645",-6.09,34.80,0.01,0.02,9.09,9.08,0.00,-0.11
"20-OCT-2013 07:30","NTM_T1.T1","169","168",-40.50,2000.00,0.00,0.00,9.75,9.75,0.00,0.00
"20-OCT-2013 07:30","NTM_T2.T2","169","167",-40.50,2000.00,0.00,0.00,9.75,9.75,0.00,0.00
"20-OCT-2013 07:30","OAM_BPT_WTK1.1","682","771",12.06,55.00,0.15,0.00,9.16,9.30,0.00,0.16
"20-OCT-2013 07:30","OAM_BPT_WTK1.2","682","677",-12.35,70.68,0.11,0.00,9.16,9.06,0.00,0.10
"20-OCT-2013 07:30","OAM_BPT_WTK1.3","682","681",0.18,46.00,0.00,0.00,9.16,9.16,0.00,0.00
"20-OCT-2013 07:30","OAM_STU_WTK2.1","642","647",5.37,56.27,0.04,0.00,9.32,9.38,0.00,-0.04
"20-OCT-2013 07:30","OAM_STU_WTK2.2","683","676",-23.38,70.68,0.33,0.00,9.33,9.02,0.00,2.11
"20-OCT-2013 07:30","OAM_STU_WTK2.3","642","664",15.02,77.00,0.12,0.00,9.32,9.32,0.00,-0.54
"20-OCT-2013 07:30","OAM_STU_WTK2.4","683","642",20.45,74.00,0.06,0.00,9.33,9.32,0.00,-0.41
"20-OCT-2013 07:30","OAM_T1.T1","771","646",11.90,61.90,0.02,0.02,9.30,9.35,0.00,0.13
"20-OCT-2013 07:30","OAM_T2.T2","647","646",5.31,61.90,0.01,0.02,9.38,9.35,0.00,-0.21
"20-OCT-2013 07:30","OHA_T4.T4","652","651",-28.57,2000.00,0.00,0.00,9.08,9.08,0.00,0.00
"20-OCT-2013 07:30","OHA_T5.T5","652","650",-28.57,2000.00,0.00,0.00,9.08,9.08,0.00,0.00
"20-OCT-2013 07:30","OHA_T6.T6","652","648",-28.57,2000.00,0.00,0.00,9.08,9.08,0.00,0.00
"20-OCT-2013 07:30","OHA_T7.T7","652","649",-28.57,2000.00,0.00,0.00,9.08,9.08,0.00,0.00
"20-OCT-2013 07:30","OHA_TWZ1.1","652","669",57.15,365.00,0.05,0.00,9.08,9.08,0.00,0.00
"20-OCT-2013 07:30","OHA_TWZ2.1","652","669",57.15,365.00,0.05,0.00,9.08,9.08,0.00,0.00
"20-OCT-2013 07:30","OHB_T10.T10","657","653",-23.23,2000.00,0.00,0.00,9.08,9.08,0.00,0.00
"20-OCT-2013 07:30","OHB_T11.T11","657","656",-23.23,2000.00,0.00,0.00,9.08,9.08,0.00,0.00
"20-OCT-2013 07:30","OHB_T8.T8","657","655",-23.23,2000.00,0.00,0.00,9.08,9.08,0.00,0.00
"20-OCT-2013 07:30","OHB_T9.T9","657","654",-23.23,2000.00,0.00,0.00,9.08,9.08,0.00,0.00
"20-OCT-2013 07:30","OHB_TWZ.1","657","669",98.47,730.48,0.04,0.00,9.08,9.08,0.00,-0.04
"20-OCT-2013 07:30","OHC_T12.T12","662","661",-23.23,2000.00,0.00,0.00,9.06,9.06,0.00,0.00
"20-OCT-2013 07:30","OHC_T13.T13","662","660",-23.23,2000.00,0.00,0.00,9.06,9.06,0.00,0.00
"20-OCT-2013 07:30","OHC_T14.T14","662","659",-23.23,2000.00,0.00,0.00,9.06,9.06,0.00,0.00
"20-OCT-2013 07:30","OHC_T15.T15","662","658",-23.23,2000.00,0.00,0.00,9.06,9.06,0.00,0.00
"20-OCT-2013 07:30","OHC_TWZ.1","662","669",81.75,730.48,0.12,0.00,9.06,9.08,0.00,0.33
"20-OCT-2013 07:30","OHK_T1.T1","186","182",0.00,2000.00,0.00,0.00,9.96,9.96,0.00,0.00
"20-OCT-2013 07:30","OHK_T2.T2","186","184",0.00,2000.00,0.00,0.00,9.96,9.96,0.00,0.00
"20-OCT-2013 07:30","OHK_T3.T3","186","185",0.00,2000.00,0.00,0.00,9.96,9.96,0.00,0.00
"20-OCT-2013 07:30","OHK_T4.T4","186","183",0.00,2000.00,0.00,0.00,9.96,9.96,0.00,0.00
"20-OCT-2013 07:30","OHK_WRK.1","186","229",-195.15,405.06,1.90,0.00,9.96,9.76,0.00,9.71
"20-OCT-2013 07:30","OHW_OTA1.1","155","79",94.96,643.60,0.95,0.00,10.30,10.38,0.00,-0.87
"20-OCT-2013 07:30","OHW_OTA2.1","155","78",94.63,643.60,0.95,0.00,10.30,10.38,0.00,-0.88
"20-OCT-2013 07:30","OHW_WKM1.1","155","199",-113.63,644.00,1.85,0.00,10.30,10.16,0.00,-1.67
"20-OCT-2013 07:30","OKE_OWH.1","265","267",-8.51,63.00,0.02,0.00,10.07,10.05,0.00,-0.01
"20-OCT-2013 07:30","OKE_TMI.1","265","282",12.99,70.68,0.08,0.00,10.07,10.09,0.00,-0.25
"20-OCT-2013 07:30","OKE_TRK.1","265","276",-4.53,70.68,0.02,0.00,10.07,10.04,0.00,-0.06
"20-OCT-2013 07:30","OKI_T1.T1","239","235",-17.12,2000.00,0.00,0.00,9.73,9.73,0.00,0.00
"20-OCT-2013 07:30","OKI_T11.H11","235","237",0.00,2000.00,0.00,0.00,9.73,9.73,0.00,0.00
"20-OCT-2013 07:30","OKI_T11.L11","230","237",0.00,2000.00,0.00,0.00,9.73,9.73,0.00,0.00
"20-OCT-2013 07:30","OKI_T11.M11","234","237",0.00,2000.00,0.00,0.00,9.73,9.73,0.00,0.00
"20-OCT-2013 07:30","OKI_T12.L12","231","238",0.00,2000.00,0.00,0.00,9.73,9.73,0.00,0.00
"20-OCT-2013 07:30","OKI_T12.M12","232","238",0.00,2000.00,0.00,0.00,9.73,9.73,0.00,0.00
"20-OCT-2013 07:30","OKI_T12.T12","236","238",0.00,2000.00,0.00,0.00,9.73,9.73,0.00,0.00
"20-OCT-2013 07:30","OKI_T2.T2","239","236",-17.12,2000.00,0.00,0.00,9.73,9.73,0.00,0.00
"20-OCT-2013 07:30","OKI_T5.T5","239","233",-3.77,2000.00,0.00,0.00,9.73,9.73,0.00,0.00
"20-OCT-2013 07:30","OKI_WRK1.1","239","229",32.76,481.00,0.11,0.00,9.73,9.76,0.00,0.00
"20-OCT-2013 07:30","OKN_ONG1.1","398","399",15.13,63.83,0.10,0.00,10.30,10.30,0.00,-0.48
"20-OCT-2013 07:30","OKN_ONG1.2","146","399",-13.49,63.83,0.15,0.00,10.31,10.30,0.00,-0.76
"20-OCT-2013 07:30","OKN_ONG1.3","396","399",-1.54,54.49,0.00,0.00,10.33,10.30,0.00,0.00
"20-OCT-2013 07:30","OKN_T1.T1","397","398",-3.03,10.00,0.01,0.04,10.31,10.30,0.00,-0.19
"20-OCT-2013 07:30","ONG_T1.T1","146","145",-1.88,19.60,0.00,0.03,10.31,10.29,0.00,-0.16
"20-OCT-2013 07:30","OPK_KPI_SFD2.1","332","761",5.59,73.00,0.03,0.00,9.90,9.96,0.00,0.01
"20-OCT-2013 07:30","OPK_KPI_SFD2.2","332","349",12.41,56.00,0.05,0.00,9.90,9.93,0.00,-0.02
"20-OCT-2013 07:30","OPK_KPI_SFD2.3","332","334",-18.00,2000.00,0.00,0.00,9.90,9.90,0.00,0.00
"20-OCT-2013 07:30","OPK_SFD1.1","345","349",-3.97,70.00,0.04,0.00,10.03,9.93,0.00,-0.01
"20-OCT-2013 07:30","OPK_T4.T4","761","344",5.55,13.55,0.01,0.02,9.96,10.02,0.00,0.04
"20-OCT-2013 07:30","OPK_T5.T5","345","344",3.92,13.55,0.00,0.02,10.03,10.02,0.00,-0.13
"20-OCT-2013 07:30","OTA_PAK3.1","79","95",-78.06,610.00,0.02,0.00,10.38,10.38,0.00,0.10
"20-OCT-2013 07:30","OTA_PAK4.1","78","95",-83.86,1198.00,0.04,0.00,10.38,10.38,0.00,0.03
"20-OCT-2013 07:30","OTA_PEN2.1","749","64",31.01,187.00,0.08,0.00,10.39,10.41,0.00,-0.11
"20-OCT-2013 07:30","OTA_PEN5.1","78","65",91.90,481.00,0.14,0.00,10.38,10.40,0.00,0.05
"20-OCT-2013 07:30","OTA_PEN6.1","80","65",100.92,481.00,0.15,0.00,10.38,10.40,0.00,0.12
"20-OCT-2013 07:30","OTA_ROS1.1","76","93",18.12,97.00,0.11,0.00,10.38,10.42,0.00,-0.12
"20-OCT-2013 07:30","OTA_ROS2.1","76","93",18.31,97.00,0.11,0.00,10.38,10.42,0.00,-0.12
"20-OCT-2013 07:30","OTA_SWN.1","79","31",186.31,915.00,0.16,0.00,10.38,10.39,0.00,0.06
"20-OCT-2013 07:30","OTA_T11.T11","73","79",-12.84,58.70,0.02,0.09,10.40,10.38,0.00,-0.47
"20-OCT-2013 07:30","OTA_T12.T12","73","79",-12.57,58.70,0.02,0.08,10.40,10.38,0.00,-0.41
"20-OCT-2013 07:30","OTA_T2.L2","782","75",0.00,79.20,0.00,0.00,10.39,10.39,0.00,0.00
"20-OCT-2013 07:30","OTA_T2.M2","749","75",-34.16,135.00,0.01,0.00,10.39,10.39,0.00,0.02
"20-OCT-2013 07:30","OTA_T2.T2","79","75",34.24,158.00,0.01,0.15,10.38,10.39,0.00,-0.76
"20-OCT-2013 07:30","OTA_T21.T21","77","68",0.00,2000.00,0.00,0.00,10.39,10.39,0.00,0.00
"20-OCT-2013 07:30","OTA_T26.T26","750","69",0.00,2000.00,0.00,0.00,10.38,10.38,0.00,0.00
"20-OCT-2013 07:30","OTA_T3.T3","79","76",64.70,323.60,0.04,0.05,10.38,10.38,0.00,-0.63
"20-OCT-2013 07:30","OTA_T4.L4","784","74",0.00,76.20,0.00,0.00,10.39,10.39,0.00,0.00
"20-OCT-2013 07:30","OTA_T4.M4","749","74",-55.24,254.00,0.02,0.00,10.39,10.39,0.00,0.01
"20-OCT-2013 07:30","OTA_T4.T4","79","74",55.36,254.00,0.04,0.15,10.38,10.39,0.00,-0.90
"20-OCT-2013 07:30","OTA_T5.T5","79","76",64.33,316.20,0.03,0.05,10.38,10.38,0.00,-0.57
"20-OCT-2013 07:30","OTA_TIE1.1","749","77",1.52,2000.00,0.00,0.00,10.39,10.39,0.00,0.00
"20-OCT-2013 07:30","OTA_TIE2.1","76","750",0.52,2000.00,0.00,0.00,10.38,10.38,0.00,0.00
"20-OCT-2013 07:30","OTA_TIE3.1","79","80",-118.08,682.00,0.01,0.00,10.38,10.38,0.00,-0.01
"20-OCT-2013 07:30","OTA_TIE4.1","79","78",10.31,714.00,0.00,0.00,10.38,10.38,0.00,0.00
"20-OCT-2013 07:30","OTA_TIE5.1","79","78",6.19,714.00,0.00,0.00,10.38,10.38,0.00,0.00
"20-OCT-2013 07:30","OTA_WKM1.1","79","199",-70.55,336.85,1.94,0.00,10.38,10.16,0.00,-2.18
"20-OCT-2013 07:30","OTA_WKM2.1","79","199",-70.63,336.85,1.94,0.00,10.38,10.16,0.00,-2.19
"20-OCT-2013 07:30","OTC_GEN.1","82","80",219.00,2000.00,0.00,0.00,10.38,10.38,0.00,0.00
"20-OCT-2013 07:30","OTC_T1.T1","82","81",-219.00,2000.00,0.00,0.00,10.38,10.38,0.00,0.00
"20-OCT-2013 07:30","OTI_T6.T6","611","610",0.11,2.50,0.00,0.00,8.95,8.96,0.00,-0.01
"20-OCT-2013 07:30","PAK_T1.T1","95","94",16.86,140.80,0.02,0.04,10.38,10.39,0.00,-0.23
"20-OCT-2013 07:30","PAK_T2.T2","95","94",16.86,140.80,0.02,0.04,10.38,10.39,0.00,-0.23
"20-OCT-2013 07:30","PAK_T3.T3","95","94",16.87,140.80,0.02,0.04,10.38,10.39,0.00,-0.23
"20-OCT-2013 07:30","PAK_WKM1.1","96","95",106.30,633.00,0.03,0.00,10.37,10.38,0.00,0.11
"20-OCT-2013 07:30","PAK_WKM1.2","96","200",-107.90,1129.00,1.61,0.00,10.37,10.16,0.00,3.10
"20-OCT-2013 07:30","PAK_WKM2.1","97","95",106.36,633.00,0.03,0.00,10.37,10.38,0.00,0.11
"20-OCT-2013 07:30","PAK_WKM2.2","97","200",-107.96,1129.00,1.61,0.00,10.37,10.16,0.00,3.10
"20-OCT-2013 07:30","PAL_T1.T1","726","725",4.43,10.00,0.02,0.02,9.18,9.26,0.00,0.00
"20-OCT-2013 07:30","PEN_STC1A.1","62","63",0.00,2000.00,0.00,0.00,10.42,10.42,0.00,0.00
"20-OCT-2013 07:30","PEN_STC1B.1","62","63",0.00,2000.00,0.00,0.00,10.42,10.42,0.00,0.00
"20-OCT-2013 07:30","PEN_T10.T10","65","64",41.74,254.00,0.00,0.13,10.40,10.41,0.00,-0.46
"20-OCT-2013 07:30","PEN_T11.T11","65","62",44.77,225.80,0.11,0.06,10.40,10.42,0.00,-0.52
"20-OCT-2013 07:30","PEN_T21.T21","60","62",-6.29,45.30,0.01,0.00,10.43,10.42,0.00,-0.02
"20-OCT-2013 07:30","PEN_T22.T22","60","62",-6.03,44.40,0.01,0.00,10.43,10.42,0.00,-0.02
"20-OCT-2013 07:30","PEN_T23.T23","60","62",-6.06,45.00,0.01,0.00,10.43,10.42,0.00,-0.03
"20-OCT-2013 07:30","PEN_T5.T5","65","61",0.01,47.50,0.00,0.01,10.40,10.41,0.00,-0.06
"20-OCT-2013 07:30","PEN_T6.T6","65","64",19.63,297.30,0.01,0.05,10.40,10.41,0.00,-0.20
"20-OCT-2013 07:30","PEN_T7.T7","65","62",41.55,169.00,0.03,0.05,10.40,10.42,0.00,-0.11
"20-OCT-2013 07:30","PEN_T8.T8","65","779",0.06,203.10,0.00,0.12,10.40,10.41,0.00,-0.62
"20-OCT-2013 07:30","PEN_T9.T9","65","62",44.50,203.10,0.06,0.12,10.40,10.42,0.00,-0.56
"20-OCT-2013 07:30","PNI_T1.T1","469","468",3.27,22.20,0.01,0.04,9.69,9.70,0.00,-0.19
"20-OCT-2013 07:30","PNI_T2.T2","470","468",3.26,27.40,0.01,0.01,9.69,9.70,0.00,-0.05
"20-OCT-2013 07:30","PPI_T1.T1","215","214",-51.00,2000.00,0.00,0.00,10.11,10.11,0.00,0.00
"20-OCT-2013 07:30","PPI_THI1.1","215","271",51.00,272.00,0.01,0.00,10.11,10.11,0.00,0.00
"20-OCT-2013 07:30","PRM_PNI_TKR1.1","469","763",12.97,74.00,0.07,0.00,9.69,9.74,0.00,0.00
"20-OCT-2013 07:30","PRM_PNI_TKR1.2","469","472",-16.29,100.00,0.04,0.00,9.69,9.66,0.00,0.00
"20-OCT-2013 07:30","PRM_PNI_TKR2.1","470","467",13.00,74.00,0.07,0.00,9.69,9.74,0.00,0.00
"20-OCT-2013 07:30","PRM_PNI_TKR2.2","470","472",-16.31,100.00,0.04,0.00,9.69,9.66,0.00,0.00
"20-OCT-2013 07:30","PRM_T3.T3","467","466",12.92,70.20,0.03,0.03,9.74,9.76,0.00,-0.15
"20-OCT-2013 07:30","PRM_T4.T4","763","466",12.88,70.20,0.03,0.03,9.74,9.76,0.00,-0.15
"20-OCT-2013 07:30","PRU_T1.T1","680","679",-11.50,2000.00,0.00,0.00,9.09,9.09,0.00,0.00
"20-OCT-2013 07:30","PTA_T1.T1","360","359",-21.00,2000.00,0.00,0.00,9.92,9.92,0.00,0.00
"20-OCT-2013 07:30","RDF_T1.T1","317","316",13.03,142.00,0.01,0.05,9.92,9.93,0.00,-0.21
"20-OCT-2013 07:30","RDF_T2.T2","317","316",12.55,64.00,0.02,0.04,9.92,9.93,0.00,-0.22
"20-OCT-2013 07:30","RDF_T3.T3","318","317",35.14,101.00,0.05,0.04,9.88,9.92,0.00,0.31
"20-OCT-2013 07:30","RDF_T4.T4","318","317",35.14,101.00,0.05,0.04,9.88,9.92,0.00,0.31
"20-OCT-2013 07:30","RDF_TUI1.1","317","302",4.18,63.83,0.09,0.00,9.92,10.17,0.00,0.06
"20-OCT-2013 07:30","RDF_TUI2.1","317","302",4.18,63.83,0.09,0.00,9.92,10.17,0.00,0.06
"20-OCT-2013 07:30","RDF_WHI1.1","318","307",-22.65,476.00,0.04,0.00,9.88,9.86,0.00,0.01
"20-OCT-2013 07:30","RDF_WRK.1","318","229",-82.68,533.09,1.01,0.00,9.88,9.76,0.00,-0.13
"20-OCT-2013 07:30","RDF_WTU1.1","318","323",16.98,274.36,0.01,0.00,9.88,9.89,0.00,0.00
"20-OCT-2013 07:30","RDF_WTU2.1","318","759",16.98,347.00,0.02,0.00,9.88,9.89,0.00,0.00
"20-OCT-2013 07:30","RKA_T1.T1","286","758",-33.00,2000.00,0.00,0.00,9.70,9.70,0.00,0.00
"20-OCT-2013 07:30","RKA_WRK1.1","286","226",33.00,2000.00,0.00,0.00,9.70,9.70,0.00,0.00
"20-OCT-2013 07:30","ROS_T2.T2","93","92",17.39,80.50,0.02,0.02,10.42,10.44,0.00,-0.09
"20-OCT-2013 07:30","ROS_T3.T3","93","92",11.67,60.20,0.02,0.08,10.42,10.44,0.00,-0.39
"20-OCT-2013 07:30","ROS_T4.T4","93","92",17.39,80.50,0.02,0.02,10.42,10.44,0.00,-0.09
"20-OCT-2013 07:30","ROT_T2.T2","274","273",15.06,66.00,0.03,0.02,10.08,10.14,0.00,0.24
"20-OCT-2013 07:30","ROT_T3.T3","272","757",-6.11,25.40,0.01,0.05,10.18,10.16,0.00,-0.27
"20-OCT-2013 07:30","ROT_T4.T4","272","757",-5.99,26.20,0.01,0.05,10.18,10.16,0.00,-0.27
"20-OCT-2013 07:30","ROT_T5.T5","757","273",11.95,66.00,0.02,0.02,10.16,10.14,0.00,-0.33
"20-OCT-2013 07:30","ROT_TRK1.1","757","276",-24.21,70.68,0.09,0.00,10.16,10.04,0.00,0.99
"20-OCT-2013 07:30","ROT_TRK2.1","274","276",-3.08,70.68,0.01,0.00,10.08,10.04,0.00,0.01
"20-OCT-2013 07:30","ROT_WHE1.1","274","288",-12.00,2000.00,0.00,0.00,10.08,10.08,0.00,0.00
"20-OCT-2013 07:30","ROX_T1.T1","738","731",-32.80,2000.00,0.00,0.00,9.02,9.02,0.00,0.00
"20-OCT-2013 07:30","ROX_T10.L10","816","736",0.00,10.40,0.00,0.00,8.89,8.89,0.00,0.00
"20-OCT-2013 07:30","ROX_T10.M10","737","736",31.75,188.00,0.02,0.00,8.90,8.89,0.00,-0.17
"20-OCT-2013 07:30","ROX_T10.T10","738","736",-31.71,188.00,0.01,0.03,9.02,8.89,0.00,1.82
"20-OCT-2013 07:30","ROX_T2.T2","738","730",-32.80,2000.00,0.00,0.00,9.02,9.02,0.00,0.00
"20-OCT-2013 07:30","ROX_T3.T3","738","729",-32.80,2000.00,0.00,0.00,9.02,9.02,0.00,0.00
"20-OCT-2013 07:30","ROX_T4.T4","738","732",-32.80,2000.00,0.00,0.00,9.02,9.02,0.00,0.00
"20-OCT-2013 07:30","ROX_T5.T5","738","727",-32.80,2000.00,0.00,0.00,9.02,9.02,0.00,0.00
"20-OCT-2013 07:30","ROX_T6.T6","737","735",-33.33,2000.00,0.00,0.00,8.90,8.90,0.00,0.00
"20-OCT-2013 07:30","ROX_T7.T7","737","734",-33.33,2000.00,0.00,0.00,8.90,8.90,0.00,0.00
"20-OCT-2013 07:30","ROX_T8.T8","737","733",-33.33,2000.00,0.00,0.00,8.90,8.90,0.00,0.00
"20-OCT-2013 07:30","ROX_TMH1.1","738","741",64.66,429.83,0.45,0.00,9.02,9.07,0.00,-0.21
"20-OCT-2013 07:30","ROX_TMH2.1","738","741",64.66,429.83,0.45,0.00,9.02,9.07,0.00,-0.21
"20-OCT-2013 07:30","RPO_T5.T5","363","362",-51.00,2000.00,0.00,0.00,9.66,9.66,0.00,0.00
"20-OCT-2013 07:30","RPO_T6.T6","363","361",-51.00,2000.00,0.00,0.00,9.66,9.66,0.00,0.00
"20-OCT-2013 07:30","RPO_TNG1.1","363","404",54.31,266.35,0.27,0.00,9.66,9.70,0.00,-0.27
"20-OCT-2013 07:30","RPO_WRK1.1","363","229",47.69,380.67,0.43,0.00,9.66,9.76,0.00,0.31
"20-OCT-2013 07:30","SBK_T1.T1","543","542",10.31,46.59,0.01,0.02,9.52,9.54,0.00,-0.09
"20-OCT-2013 07:30","SBK_T2.T2","543","542",10.31,46.59,0.01,0.02,9.52,9.54,0.00,-0.09
"20-OCT-2013 07:30","SBK_WPR.1","543","547",-8.33,42.41,0.12,0.00,9.52,9.40,0.00,-0.06
"20-OCT-2013 07:30","SDN_T1.T1","740","739",14.86,81.30,0.01,0.06,9.09,9.09,0.00,-0.29
"20-OCT-2013 07:30","SDN_T2.T2","740","739",9.46,81.30,0.01,0.04,9.09,9.09,0.00,-0.19
"20-OCT-2013 07:30","SDN_TMH.1","740","741",-21.34,352.00,0.02,0.00,9.09,9.07,0.00,0.03
"20-OCT-2013 07:30","SFD_SPL.1","350","352",0.00,2000.00,0.00,0.00,9.93,9.93,0.00,0.00
"20-OCT-2013 07:30","SFD_T10.T10","350","349",11.29,135.00,0.01,0.11,9.93,9.93,0.00,-0.57
"20-OCT-2013 07:30","SFD_T21.T21","350","347",0.00,2000.00,0.00,0.00,9.93,9.93,0.00,0.00
"20-OCT-2013 07:30","SFD_T22.T22","350","346",0.00,2000.00,0.00,0.00,9.93,9.93,0.00,0.00
"20-OCT-2013 07:30","SFD_T5.T5","349","348",9.18,23.20,0.03,0.06,9.93,10.01,0.00,-0.13
"20-OCT-2013 07:30","SFD_T6.T6","349","348",9.19,23.20,0.03,0.06,9.93,10.01,0.00,-0.13
"20-OCT-2013 07:30","SFD_TMN1.1","350","401",37.38,455.36,0.60,0.00,9.93,10.06,0.00,-0.65
"20-OCT-2013 07:30","SPL_T10.T10","352","351",0.00,2000.00,0.00,0.00,9.93,9.93,0.00,0.00
"20-OCT-2013 07:30","SPN_T1.T1","545","544",10.62,69.00,0.02,0.02,9.43,9.44,0.00,-0.09
"20-OCT-2013 07:30","SPN_T2.T2","545","544",10.62,69.00,0.02,0.02,9.43,9.44,0.00,-0.09
"20-OCT-2013 07:30","STK_T10.T10","511","505",22.65,136.00,0.02,0.03,9.62,9.63,0.00,-0.16
"20-OCT-2013 07:30","STK_T3.L3","801","509",0.00,14.10,0.00,0.00,9.65,9.65,0.00,0.00
"20-OCT-2013 07:30","STK_T3.M3","507","509",-12.84,28.00,0.01,0.00,9.67,9.65,0.00,0.07
"20-OCT-2013 07:30","STK_T3.T3","510","509",12.86,30.90,0.00,0.05,9.65,9.65,0.00,-0.23
"20-OCT-2013 07:30","STK_T6.T6","511","505",22.62,136.00,0.02,0.03,9.62,9.63,0.00,-0.16
"20-OCT-2013 07:30","STK_T7.L7","503","508",0.00,24.00,0.00,0.00,9.65,9.65,0.00,0.00
"20-OCT-2013 07:30","STK_T7.M7","510","508",-22.25,158.80,0.01,0.00,9.65,9.65,0.00,-0.02
"20-OCT-2013 07:30","STK_T7.T7","511","508",22.27,180.00,0.00,0.04,9.62,9.65,0.00,0.04
"20-OCT-2013 07:30","STK_T8.T8","511","505",14.54,57.07,0.01,0.09,9.62,9.63,0.00,-0.42
"20-OCT-2013 07:30","STK_UTK1.1","766","507",-4.16,32.00,0.06,0.00,9.82,9.67,0.00,0.00
"20-OCT-2013 07:30","STK_UTK1.2","766","512",4.10,23.00,0.04,0.00,9.82,9.91,0.00,0.00
"20-OCT-2013 07:30","STU_T5.T5","663","664",-3.12,11.50,0.01,0.04,9.34,9.32,0.00,-0.18
"20-OCT-2013 07:30","STU_T6.T6","663","664",-3.13,11.50,0.01,0.04,9.34,9.32,0.00,-0.18
"20-OCT-2013 07:30","STU_TIM.1","664","571",8.60,53.92,0.11,0.00,9.32,9.28,0.00,-0.68
"20-OCT-2013 07:30","SVL_T1.T1","21","20",16.73,108.90,0.02,0.04,10.48,10.49,0.00,-0.21
"20-OCT-2013 07:30","SVL_T2.T2","22","20",15.66,119.07,0.01,0.05,10.48,10.49,0.00,-0.25
"20-OCT-2013 07:30","SWN_T1A.T1A","31","29",0.00,2000.00,0.00,0.00,10.39,10.39,0.00,0.00
"20-OCT-2013 07:30","SWN_T1B.T1B","31","28",0.00,2000.00,0.00,0.00,10.39,10.39,0.00,0.00
"20-OCT-2013 07:30","SWN_T2.T2","31","30",0.01,47.50,0.00,0.01,10.39,10.41,0.00,-0.06
"20-OCT-2013 07:30","TAA_T1.T1","171","170",-24.00,2000.00,0.00,0.00,9.70,9.70,0.00,0.00
"20-OCT-2013 07:30","TAA_WRK1.1","171","226",24.00,2000.00,0.00,0.00,9.70,9.70,0.00,0.00
"20-OCT-2013 07:30","TAK_T5.T5","100","98",20.90,126.20,0.01,0.06,10.37,10.38,0.00,-0.27
"20-OCT-2013 07:30","TAK_T8.T8","99","98",23.01,126.20,0.01,0.06,10.37,10.38,0.00,-0.30
"20-OCT-2013 07:30","TAP_T1.T1","413","412",0.00,2000.00,0.00,0.00,9.68,9.68,0.00,0.00
"20-OCT-2013 07:30","TAP_WDV1.1","413","406",0.00,2000.00,0.00,0.00,9.68,9.68,0.00,0.00
"20-OCT-2013 07:30","TGA_T1.T1","280","278",5.38,29.65,0.01,0.02,10.13,10.14,0.00,-0.08
"20-OCT-2013 07:30","TGA_T2.T2","280","278",5.37,29.65,0.01,0.02,10.13,10.14,0.00,-0.08
"20-OCT-2013 07:30","TGA_T3.T3","280","279",1.09,108.40,0.00,0.02,10.13,10.14,0.00,-0.13
"20-OCT-2013 07:30","TGA_T4.T4","280","279",1.35,108.40,0.00,0.03,10.13,10.14,0.00,-0.15
"20-OCT-2013 07:30","THI_T1.T1","271","269",0.00,2000.00,0.00,0.00,10.11,10.11,0.00,0.00
"20-OCT-2013 07:30","THI_T2.T2","271","270",0.00,2000.00,0.00,0.00,10.11,10.11,0.00,0.00
"20-OCT-2013 07:30","THI_WKM1.1","271","199",47.91,435.00,0.23,0.00,10.11,10.16,0.00,0.00
"20-OCT-2013 07:30","TIM_T2.T2","571","570",9.33,26.50,0.02,0.03,9.28,9.35,0.00,0.07
"20-OCT-2013 07:30","TIM_T3.T3","571","570",9.12,26.50,0.02,0.03,9.28,9.35,0.00,0.07
"20-OCT-2013 07:30","TIM_T4.T4","571","570",9.58,27.80,0.02,0.02,9.28,9.35,0.00,0.09
"20-OCT-2013 07:30","TIM_T5.T5","573","571",19.81,122.10,0.03,0.02,9.21,9.28,0.00,0.50
"20-OCT-2013 07:30","TIM_T8.T8","572","571",19.86,124.40,0.03,0.02,9.21,9.28,0.00,0.50
"20-OCT-2013 07:30","TIM_TKA.1","555","576",-9.64,56.59,0.10,0.00,9.20,9.11,0.00,0.00
"20-OCT-2013 07:30","TIM_TKA.2","555","571",14.11,56.59,0.13,0.00,9.20,9.28,0.00,0.00
"20-OCT-2013 07:30","TIM_TMK1.1","571","578",16.92,73.54,0.11,0.00,9.28,9.35,0.00,0.00
"20-OCT-2013 07:30","TIM_TMK2.1","571","579",17.08,77.00,0.11,0.00,9.28,9.34,0.00,0.00
"20-OCT-2013 07:30","TKA_T1.T1","574","575",1.92,6.70,0.00,0.01,9.10,9.10,0.00,-0.06
"20-OCT-2013 07:30","TKA_T6.T6","576","574",-9.66,34.60,0.01,0.01,9.11,9.10,0.00,-0.06
"20-OCT-2013 07:30","TKB_T2.T2","667","666",-34.20,2000.00,0.00,0.00,9.11,9.11,0.00,0.00
"20-OCT-2013 07:30","TKB_T3.T3","667","665",-34.20,2000.00,0.00,0.00,9.11,9.11,0.00,0.00
"20-OCT-2013 07:30","TKB_TWZ.1","667","669",-46.29,589.11,0.15,0.00,9.11,9.08,0.00,-0.03
"20-OCT-2013 07:30","TKH_T1.T1","251","250",0.72,2.30,0.00,0.01,10.52,10.65,0.00,-0.01
"20-OCT-2013 07:30","TKH_WAI1.1","251","248",-0.75,24.51,0.03,0.00,10.52,10.08,0.00,0.00
"20-OCT-2013 07:30","TKR_T1.T1","472","471",17.63,110.70,0.03,0.02,9.66,9.68,0.00,-0.11
"20-OCT-2013 07:30","TKR_T2.T2","472","471",17.70,110.70,0.03,0.02,9.66,9.68,0.00,-0.11
"20-OCT-2013 07:30","TKR_WIL1.1","472","476",-20.33,297.41,0.10,0.00,9.66,9.63,0.00,-0.10
"20-OCT-2013 07:30","TKR_WIL2.1","472","476",-23.97,297.41,0.11,0.00,9.66,9.63,0.00,-0.07
"20-OCT-2013 07:30","TKU_T1.T1","369","367",-37.50,2000.00,0.00,0.00,10.04,10.04,0.00,0.00
"20-OCT-2013 07:30","TKU_T2.T2","369","366",-37.50,2000.00,0.00,0.00,10.04,10.04,0.00,0.00
"20-OCT-2013 07:30","TKU_T21.T21","368","369",-3.78,23.90,0.01,0.03,10.06,10.04,0.00,-0.13
"20-OCT-2013 07:30","TKU_T3.T3","369","365",-37.50,2000.00,0.00,0.00,10.04,10.04,0.00,0.00
"20-OCT-2013 07:30","TKU_T4.T4","369","364",-37.50,2000.00,0.00,0.00,10.04,10.04,0.00,0.00
"20-OCT-2013 07:30","TKU_WKM1.1","369","199",85.74,321.99,0.80,0.00,10.04,10.16,0.00,0.84
"20-OCT-2013 07:30","TKU_WKM2.1","369","199",85.28,321.99,0.80,0.00,10.04,10.16,0.00,0.82
"20-OCT-2013 07:30","TMI_T1.T1","282","281",6.95,36.30,0.01,0.04,10.09,10.11,0.00,-0.21
"20-OCT-2013 07:30","TMI_T2.T2","282","281",5.73,45.00,0.01,0.01,10.09,10.11,0.00,-0.07
"20-OCT-2013 07:30","TMK_T1.T1","578","577",16.80,60.70,0.03,0.02,9.35,9.36,0.00,-0.08
"20-OCT-2013 07:30","TMK_T2.T2","579","577",16.96,60.70,0.03,0.02,9.34,9.36,0.00,-0.07
"20-OCT-2013 07:30","TMN_T5.T5","401","400",2.06,36.00,0.01,0.01,10.06,10.09,0.00,-0.05
"20-OCT-2013 07:30","TMN_T8.T8","401","400",1.84,30.00,0.00,0.01,10.06,10.09,0.00,-0.06
"20-OCT-2013 07:30","TMN_TWH1.1","401","153",32.87,480.89,0.73,0.00,10.06,10.24,0.00,-0.74
"20-OCT-2013 07:30","TMU_T1.T1","112","111",13.27,40.60,0.02,0.02,10.82,10.88,0.00,0.18
"20-OCT-2013 07:30","TMU_T2.T2","112","111",13.24,40.90,0.02,0.02,10.82,10.88,0.00,0.18
"20-OCT-2013 07:30","TNG_T11.T11","404","402",13.82,62.80,0.03,0.03,9.70,9.72,0.00,-0.13
"20-OCT-2013 07:30","TNG_T12.T12","404","402",13.81,62.80,0.03,0.03,9.70,9.72,0.00,-0.13
"20-OCT-2013 07:30","TNG_T2.T2","404","403",1.13,30.00,0.00,0.01,9.70,9.72,0.00,-0.06
"20-OCT-2013 07:30","TNG_T3.T3","404","403",1.33,35.90,0.00,0.01,9.70,9.72,0.00,-0.05
"20-OCT-2013 07:30","TRC_T1.L1","106","110",-3.42,2000.00,0.00,0.00,10.23,10.23,0.00,0.00
"20-OCT-2013 07:30","TRC_T1.M1","107","110",21.00,2000.00,0.00,0.00,10.23,10.23,0.00,0.00
"20-OCT-2013 07:30","TRC_T1.T1","108","110",-17.58,2000.00,0.00,0.00,10.23,10.23,0.00,0.00
"20-OCT-2013 07:30","TRC_T2.L2","106","109",-3.42,2000.00,0.00,0.00,10.23,10.23,0.00,0.00
"20-OCT-2013 07:30","TRC_T2.M2","107","109",21.00,2000.00,0.00,0.00,10.23,10.23,0.00,0.00
"20-OCT-2013 07:30","TRC_T2.T2","108","109",-17.58,2000.00,0.00,0.00,10.23,10.23,0.00,0.00
"20-OCT-2013 07:30","TRC_TWH.1","108","152",35.15,2000.00,0.00,0.00,10.23,10.23,0.00,0.00
"20-OCT-2013 07:30","TRH_TWC1.1","421","419",0.00,2000.00,0.00,0.00,9.74,9.74,0.00,0.00
"20-OCT-2013 07:30","TRK_T1.T1","277","276",19.77,248.00,0.01,0.15,10.04,10.04,0.00,-0.79
"20-OCT-2013 07:30","TRK_T2.T2","277","276",27.41,246.00,0.01,0.13,10.04,10.04,0.00,-0.71
"20-OCT-2013 07:30","TRK_T4.T4","276","275",6.48,20.00,0.01,0.01,10.04,10.09,0.00,0.07
"20-OCT-2013 07:30","TUI_T1.T1","294","302",2.83,2000.00,0.00,0.00,10.17,10.17,0.00,0.00
"20-OCT-2013 07:30","TUI_T15.T15","297","302",-0.24,2.30,0.00,0.01,10.21,10.17,0.00,-0.06
"20-OCT-2013 07:30","TUI_T2.T2","299","302",2.83,2000.00,0.00,0.00,10.17,10.17,0.00,0.00
"20-OCT-2013 07:30","TUI_T3.T3","298","302",2.83,2000.00,0.00,0.00,10.17,10.17,0.00,0.00
"20-OCT-2013 07:30","TUI_T4.T4","301","302",2.75,2000.00,0.00,0.00,10.17,10.17,0.00,0.00
"20-OCT-2013 07:30","TUI_T5.T5","296","302",2.75,2000.00,0.00,0.00,10.17,10.17,0.00,0.00
"20-OCT-2013 07:30","TUI_T6.T6","300","302",0.00,2000.00,0.00,0.00,10.17,10.17,0.00,0.00
"20-OCT-2013 07:30","TUI_T7.T7","295","302",0.00,2000.00,0.00,0.00,10.17,10.17,0.00,0.00
"20-OCT-2013 07:30","TUI_WRA1.1","302","321",2.42,36.00,0.01,0.00,10.17,10.22,0.00,0.00
"20-OCT-2013 07:30","TUI_WRA2.1","302","320",2.41,36.00,0.01,0.00,10.17,10.22,0.00,0.00
"20-OCT-2013 07:30","TUK_TWH1.1","154","152",0.00,2000.00,0.00,0.00,10.23,10.23,0.00,0.00
"20-OCT-2013 07:30","TWC_T1.T1","420","419",0.00,2000.00,0.00,0.00,9.74,9.74,0.00,0.00
"20-OCT-2013 07:30","TWC_T2.T2","420","419",0.00,2000.00,0.00,0.00,9.74,9.74,0.00,0.00
"20-OCT-2013 07:30","TWF_T1.T1","416","415",0.00,2000.00,0.00,0.00,9.79,9.79,0.00,0.00
"20-OCT-2013 07:30","TWF_T2.T2","417","414",0.00,2000.00,0.00,0.00,9.76,9.76,0.00,0.00
"20-OCT-2013 07:30","TWH_T1.T1","153","152",-7.46,132.00,0.01,0.04,10.24,10.23,0.00,-0.20
"20-OCT-2013 07:30","TWH_T2.T2","153","152",-7.44,132.00,0.01,0.04,10.24,10.23,0.00,-0.20
"20-OCT-2013 07:30","TWZ_T18.T18","668","669",-1.42,25.80,0.00,0.04,9.09,9.08,0.00,-0.16
"20-OCT-2013 07:30","TWZ_T19.T19","668","669",-1.42,25.80,0.00,0.04,9.09,9.08,0.00,-0.16
"20-OCT-2013 07:30","UHT_T1.T1","474","473",5.76,37.10,0.01,0.05,9.65,9.66,0.00,-0.25
"20-OCT-2013 07:30","UHT_T2.T2","474","473",5.76,37.10,0.01,0.05,9.65,9.66,0.00,-0.23
"20-OCT-2013 07:30","WAA_T1.T1","356","353",0.00,2000.00,0.00,0.00,9.92,9.92,0.00,0.00
"20-OCT-2013 07:30","WAA_T2.T2","356","354",-4.08,2000.00,0.00,0.00,9.92,9.92,0.00,0.00
"20-OCT-2013 07:30","WAA_T3.T3","356","355",-5.84,2000.00,0.00,0.00,9.92,9.92,0.00,0.00
"20-OCT-2013 07:30","WAA_T4.T4","356","354",-4.08,2000.00,0.00,0.00,9.92,9.92,0.00,0.00
"20-OCT-2013 07:30","WAA_T5.T5","356","353",0.00,2000.00,0.00,0.00,9.92,9.92,0.00,0.00
"20-OCT-2013 07:30","WAI_T1.T1","247","249",-3.23,12.30,0.01,0.03,10.07,10.05,0.00,-0.14
"20-OCT-2013 07:30","WAI_T2.T2","247","249",-3.26,11.50,0.01,0.04,10.07,10.05,0.00,-0.19
"20-OCT-2013 07:30","WAI_T5.T5","248","247",-0.75,2.60,0.00,0.00,10.08,10.07,0.00,-0.02
"20-OCT-2013 07:30","WDV_T1.T1","406","405",0.94,4.50,0.00,0.01,9.68,9.69,0.00,-0.03
"20-OCT-2013 07:30","WDV_T2.T2","406","405",0.96,4.50,0.00,0.01,9.68,9.69,0.00,-0.03
"20-OCT-2013 07:30","WEL_T1.T1","50","49",8.28,33.20,0.01,0.05,10.96,10.97,0.00,-0.28
"20-OCT-2013 07:30","WEL_T2.T2","51","49",8.41,32.60,0.01,0.04,10.96,10.97,0.00,-0.20
"20-OCT-2013 07:30","WGN_T1.T1","408","407",8.30,35.30,0.01,0.03,9.85,9.87,0.00,-0.14
"20-OCT-2013 07:30","WGN_T2.T2","408","407",5.23,24.00,0.01,0.04,9.85,9.87,0.00,-0.19
"20-OCT-2013 07:30","WGN_WVY1.1","408","358",6.68,78.00,0.05,0.00,9.85,9.88,0.00,-0.15
"20-OCT-2013 07:30","WHE_T1.T1","288","287",-12.00,2000.00,0.00,0.00,10.08,10.08,0.00,0.00
"20-OCT-2013 07:30","WHI_T1.T1","307","303",23.39,62.00,0.03,0.03,9.86,9.89,0.00,0.09
"20-OCT-2013 07:30","WHI_T2.T2","307","303",23.13,62.00,0.03,0.03,9.86,9.89,0.00,0.09
"20-OCT-2013 07:30","WHI_T3.T3","307","303",24.05,62.00,0.03,0.03,9.86,9.89,0.00,0.08
"20-OCT-2013 07:30","WHI_T4.T4","307","306",0.00,2000.00,0.00,0.00,9.86,9.86,0.00,0.00
"20-OCT-2013 07:30","WHI_T5.T5","307","304",0.00,2000.00,0.00,0.00,9.86,9.86,0.00,0.00
"20-OCT-2013 07:30","WHI_T7.T7","307","305",0.00,2000.00,0.00,0.00,9.86,9.86,0.00,0.00
"20-OCT-2013 07:30","WHI_WRK1.1","307","229",-94.30,533.09,0.93,0.00,9.86,9.76,0.00,0.12
"20-OCT-2013 07:30","WHL_T1.T1","746","745",0.00,2000.00,0.00,0.00,9.23,9.23,0.00,0.00
"20-OCT-2013 07:30","WHU_T1.T1","149","148",9.17,26.40,0.02,0.03,10.62,10.69,0.00,0.04
"20-OCT-2013 07:30","WHU_T2.T2","149","148",8.99,25.20,0.02,0.03,10.62,10.69,0.00,0.03
"20-OCT-2013 07:30","WHU_T3.T3","149","148",9.81,23.00,0.02,0.04,10.62,10.69,0.00,0.01
"20-OCT-2013 07:30","WHU_WKO1.1","149","151",23.41,113.00,0.09,0.00,10.62,10.67,0.00,0.00
"20-OCT-2013 07:30","WHU_WKO2.1","149","151",23.37,112.60,0.09,0.00,10.62,10.67,0.00,0.00
"20-OCT-2013 07:30","WIL_T3.T3","477","475",9.70,110.00,0.00,0.05,9.64,9.64,0.00,-0.23
"20-OCT-2013 07:30","WIL_T5.T5","477","475",9.70,109.50,0.00,0.05,9.64,9.64,0.00,-0.23
"20-OCT-2013 07:30","WIL_T8.T8","477","476",9.73,293.30,0.00,0.05,9.64,9.63,0.00,-0.32
"20-OCT-2013 07:30","WIR_T1.T1","102","101",22.79,91.90,0.02,0.09,10.45,10.45,0.00,-0.61
"20-OCT-2013 07:30","WIR_T2.T2","752","101",12.63,91.90,0.02,0.04,10.41,10.45,0.00,-0.08
"20-OCT-2013 07:30","WKM_T1.T1","199","192",-11.50,2000.00,0.00,0.00,10.16,10.16,0.00,0.00
"20-OCT-2013 07:30","WKM_T2.T2","199","193",-11.50,2000.00,0.00,0.00,10.16,10.16,0.00,0.00
"20-OCT-2013 07:30","WKM_T3.T3","199","194",-11.50,2000.00,0.00,0.00,10.16,10.16,0.00,0.00
"20-OCT-2013 07:30","WKM_T4.T4","199","195",-11.50,2000.00,0.00,0.00,10.16,10.16,0.00,0.00
"20-OCT-2013 07:30","WKM_T8.L8","196","197",-7.47,2000.00,0.00,0.00,10.16,10.16,0.00,0.00
"20-OCT-2013 07:30","WKM_T8.M8","198","197",68.19,2000.00,0.00,0.00,10.16,10.16,0.00,0.00
"20-OCT-2013 07:30","WKM_T8.T8","199","197",-60.73,2000.00,0.00,0.00,10.16,10.16,0.00,0.00
"20-OCT-2013 07:30","WKM_T9.T9","199","198",-44.81,2000.00,0.00,0.00,10.16,10.16,0.00,0.00
"20-OCT-2013 07:30","WKM_TIE1.1","199","200",107.53,1066.00,0.01,0.00,10.16,10.16,0.00,0.01
"20-OCT-2013 07:30","WKM_TIE2.1","199","200",108.35,1066.00,0.01,0.00,10.16,10.16,0.00,0.01
"20-OCT-2013 07:30","WKO_T1.T1","151","150",10.79,41.10,0.02,0.03,10.67,10.68,0.00,-0.18
"20-OCT-2013 07:30","WKO_T2.T2","151","150",10.57,36.60,0.02,0.03,10.67,10.68,0.00,-0.16
"20-OCT-2013 07:30","WMG_WPT1.1","519","767",-4.30,54.49,0.02,0.00,9.84,9.80,0.00,0.00
"20-OCT-2013 07:30","WMG_WPT1.2","519","768",2.47,54.00,0.01,0.00,9.84,9.87,0.00,0.00
"20-OCT-2013 07:30","WMG_WPT1.3","519","516",1.81,2000.00,0.00,0.00,9.84,9.84,0.00,0.00
"20-OCT-2013 07:30","WMG_WPT2.1","518","513",-4.26,96.60,0.02,0.00,9.86,9.82,0.00,0.00
"20-OCT-2013 07:30","WMG_WPT2.2","518","515",2.45,96.60,0.01,0.00,9.86,9.90,0.00,0.00
"20-OCT-2013 07:30","WMG_WPT2.3","518","517",1.79,2000.00,0.00,0.00,9.86,9.86,0.00,0.00
"20-OCT-2013 07:30","WPA_T1.T1","213","212",-22.00,2000.00,0.00,0.00,10.15,10.15,0.00,0.00
"20-OCT-2013 07:30","WPR_T12.T12","548","547",11.88,105.70,0.01,0.04,9.40,9.40,0.00,-0.25
"20-OCT-2013 07:30","WPR_T13.T13","549","547",11.88,105.70,0.01,0.04,9.40,9.40,0.00,-0.25
"20-OCT-2013 07:30","WPR_T3.T3","547","546",3.22,13.60,0.00,0.01,9.40,9.42,0.00,-0.05
"20-OCT-2013 07:30","WPT_T1.T1","768","514",2.46,20.40,0.00,0.02,9.87,9.90,0.00,-0.07
"20-OCT-2013 07:30","WPT_T2.T2","515","514",2.43,24.20,0.00,0.02,9.90,9.90,0.00,-0.11
"20-OCT-2013 07:30","WPW_T1.T1","411","409",4.51,26.10,0.01,0.04,10.10,10.12,0.00,-0.22
"20-OCT-2013 07:30","WPW_T2.T2","410","409",5.97,29.70,0.01,0.03,10.10,10.12,0.00,-0.13
"20-OCT-2013 07:30","WRA_T1.T1","319","321",-2.39,11.50,0.00,0.04,10.24,10.22,0.00,-0.19
"20-OCT-2013 07:30","WRA_T2.T2","319","320",-2.38,11.50,0.00,0.04,10.24,10.22,0.00,-0.19
"20-OCT-2013 07:30","WRD_T1.T1","54","52",16.38,65.00,0.00,0.00,10.47,10.47,0.00,0.00
"20-OCT-2013 07:30","WRD_T2.T2","53","52",16.45,65.00,0.00,0.00,10.47,10.47,0.00,0.00
"20-OCT-2013 07:30","WRD_T3.T3","748","52",15.98,65.00,0.00,0.00,10.47,10.47,0.00,0.00
"20-OCT-2013 07:30","WRK_T1.T1","229","222",-30.71,2000.00,0.00,0.00,9.76,9.76,0.00,0.00
"20-OCT-2013 07:30","WRK_T2.T2","229","221",-12.61,2000.00,0.00,0.00,9.76,9.76,0.00,0.00
"20-OCT-2013 07:30","WRK_T3.L3","220","228",27.59,2000.00,0.00,0.00,9.76,9.76,0.00,0.00
"20-OCT-2013 07:30","WRK_T3.M3","223","228",24.70,2000.00,0.00,0.00,9.76,9.76,0.00,0.00
"20-OCT-2013 07:30","WRK_T3.T3","229","228",-52.29,2000.00,0.00,0.00,9.76,9.76,0.00,0.00
"20-OCT-2013 07:30","WRK_T30.T30","226","229",34.51,67.90,0.12,0.08,9.70,9.76,0.00,0.12
"20-OCT-2013 07:30","WRK_T4.L4","224","227",24.70,2000.00,0.00,0.00,9.76,9.76,0.00,0.00
"20-OCT-2013 07:30","WRK_T4.M4","225","227",24.70,2000.00,0.00,0.00,9.76,9.76,0.00,0.00
"20-OCT-2013 07:30","WRK_T4.T4","229","227",-49.40,2000.00,0.00,0.00,9.76,9.76,0.00,0.00
"20-OCT-2013 07:30","WTK_T21.T21","678","670",-24.26,75.30,0.03,0.04,9.05,9.02,0.00,0.15
"20-OCT-2013 07:30","WTK_T22.T22","678","670",-24.65,75.30,0.03,0.04,9.05,9.02,0.00,0.15
"20-OCT-2013 07:30","WTK_T23.L23","809","674",0.00,48.00,0.00,0.00,9.01,9.01,0.00,0.00
"20-OCT-2013 07:30","WTK_T23.M23","676","674",-23.38,80.00,0.00,0.00,9.02,9.01,0.00,0.04
"20-OCT-2013 07:30","WTK_T23.T23","678","674",23.44,93.50,0.00,0.10,9.05,9.01,0.00,-0.94
"20-OCT-2013 07:30","WTK_T24.L24","810","675",0.00,48.00,0.00,0.00,9.06,9.06,0.00,0.00
"20-OCT-2013 07:30","WTK_T24.M24","677","675",-12.35,80.00,0.00,0.00,9.06,9.06,0.00,0.00
"20-OCT-2013 07:30","WTK_T24.T24","678","675",12.41,93.50,0.00,0.10,9.05,9.06,0.00,-0.44
"20-OCT-2013 07:30","WTK_T28.T28","670","673",1.05,5.50,0.00,0.00,9.02,9.04,0.00,-0.01
"20-OCT-2013 07:30","WTU_T3.T3","759","322",16.94,116.00,0.02,0.05,9.89,9.90,0.00,-0.24
"20-OCT-2013 07:30","WTU_T4.T4","323","322",16.94,113.00,0.02,0.05,9.89,9.90,0.00,-0.23
"20-OCT-2013 07:30","WVY_T1.T1","358","357",2.90,10.00,0.00,0.01,9.88,9.89,0.00,-0.03
"20-OCT-2013 07:30","WWD_T1.T1","481","480",0.00,2000.00,0.00,0.00,9.57,9.57,0.00,0.00
"20-OCT-2013 07:30","WWD_T2.T2","482","764",0.00,2000.00,0.00,0.00,9.58,9.58,0.00,0.00
