"DateTime","Bus","Generation (MW)","Load (MW)","Price ($/MWh)","Revenue ($)","Cost ($)","Deficit(MW)","Surplus(MW)"
"20-OCT-2013 07:30","3",0.00,0.00,11.00,0.00,0.00,0.00,0.00
"20-OCT-2013 07:30","4",0.00,4.14,11.00,0.00,22.74,0.00,0.00
"20-OCT-2013 07:30","5",0.00,0.00,11.00,0.00,0.00,0.00,0.00
"20-OCT-2013 07:30","6",0.00,0.00,11.00,0.00,0.00,0.00,0.00
"20-OCT-2013 07:30","7",0.00,0.00,11.00,0.00,0.00,0.00,0.00
"20-OCT-2013 07:30","10",0.00,0.00,10.72,0.00,0.00,0.00,0.00
"20-OCT-2013 07:30","11",0.00,0.00,10.72,0.00,0.00,0.00,0.00
"20-OCT-2013 07:30","12",0.00,0.00,10.71,0.00,0.00,0.00,0.00
"20-OCT-2013 07:30","13",0.00,0.00,10.64,0.00,0.00,0.00,0.00
"20-OCT-2013 07:30","14",0.00,0.00,10.46,0.00,0.00,0.00,0.00
"20-OCT-2013 07:30","16",0.00,43.59,10.45,0.00,227.79,0.00,0.00
"20-OCT-2013 07:30","17",0.00,0.00,10.41,0.00,0.00,0.00,0.00
"20-OCT-2013 07:30","18",0.00,0.00,10.42,0.00,0.00,0.00,0.00
"20-OCT-2013 07:30","19",0.00,0.00,10.43,0.00,0.00,0.00,0.00
"20-OCT-2013 07:30","20",0.00,32.32,10.49,0.00,169.53,0.00,0.00
"20-OCT-2013 07:30","21",0.00,0.00,10.48,0.00,0.00,0.00,0.00
"20-OCT-2013 07:30","22",0.00,0.00,10.48,0.00,0.00,0.00,0.00
"20-OCT-2013 07:30","24",0.00,54.24,10.48,0.00,284.24,0.00,0.00
"20-OCT-2013 07:30","25",0.00,0.00,10.47,0.00,0.00,0.00,0.00
"20-OCT-2013 07:30","26",0.00,0.00,10.47,0.00,0.00,0.00,0.00
"20-OCT-2013 07:30","27",0.00,0.00,10.47,0.00,0.00,0.00,0.00
"20-OCT-2013 07:30","28",0.00,0.00,10.39,0.00,0.00,0.00,0.00
"20-OCT-2013 07:30","29",0.00,0.00,10.39,0.00,0.00,0.00,0.00
"20-OCT-2013 07:30","30",0.00,0.00,10.41,0.00,0.00,0.00,0.00
"20-OCT-2013 07:30","31",0.00,1.44,10.39,0.00,7.48,0.00,0.00
"20-OCT-2013 07:30","32",0.00,41.00,10.66,0.00,218.46,0.00,0.00
"20-OCT-2013 07:30","33",0.00,0.00,10.63,0.00,0.00,0.00,0.00
"20-OCT-2013 07:30","34",0.00,6.49,10.85,0.00,35.18,0.00,0.00
"20-OCT-2013 07:30","35",0.00,0.00,10.85,0.00,0.00,0.00,0.00
"20-OCT-2013 07:30","36",0.00,47.41,10.46,0.00,247.82,0.00,0.00
"20-OCT-2013 07:30","37",0.00,0.00,10.44,0.00,0.00,0.00,0.00
"20-OCT-2013 07:30","38",0.00,12.41,11.00,0.00,68.22,0.00,0.00
"20-OCT-2013 07:30","39",0.00,0.00,11.00,0.00,0.00,0.00,0.00
"20-OCT-2013 07:30","40",0.00,32.39,10.88,0.00,176.15,0.00,0.00
"20-OCT-2013 07:30","41",0.00,0.00,10.86,0.00,0.00,0.00,0.00
"20-OCT-2013 07:30","42",0.00,0.00,10.86,0.00,0.00,0.00,0.00
"20-OCT-2013 07:30","43",0.00,25.95,10.85,0.00,140.70,0.00,0.00
"20-OCT-2013 07:30","44",0.00,0.00,10.85,0.00,0.00,0.00,0.00
"20-OCT-2013 07:30","45",0.00,0.00,10.85,0.00,0.00,0.00,0.00
"20-OCT-2013 07:30","46",0.00,13.28,10.97,0.00,72.87,0.00,0.00
"20-OCT-2013 07:30","47",0.00,0.00,10.91,0.00,0.00,0.00,0.00
"20-OCT-2013 07:30","48",0.00,0.00,10.91,0.00,0.00,0.00,0.00
"20-OCT-2013 07:30","49",0.00,16.63,10.97,0.00,91.26,0.00,0.00
"20-OCT-2013 07:30","50",0.00,0.00,10.96,0.00,0.00,0.00,0.00
"20-OCT-2013 07:30","51",0.00,0.00,10.96,0.00,0.00,0.00,0.00
"20-OCT-2013 07:30","52",0.00,48.81,10.47,0.00,255.59,0.00,0.00
"20-OCT-2013 07:30","53",0.00,0.00,10.47,0.00,0.00,0.00,0.00
"20-OCT-2013 07:30","54",0.00,0.00,10.47,0.00,0.00,0.00,0.00
"20-OCT-2013 07:30","55",0.00,0.00,10.47,0.00,0.00,0.00,0.00
"20-OCT-2013 07:30","57",0.00,0.00,10.48,0.00,0.00,0.00,0.00
"20-OCT-2013 07:30","59",0.00,0.00,10.47,0.00,0.00,0.00,0.00
"20-OCT-2013 07:30","60",0.00,18.35,10.43,0.00,95.67,0.00,0.00
"20-OCT-2013 07:30","61",0.00,0.00,10.41,0.00,0.00,0.00,0.00
"20-OCT-2013 07:30","62",0.00,112.13,10.42,0.00,583.94,0.00,0.00
"20-OCT-2013 07:30","63",0.00,0.00,10.42,0.00,0.00,0.00,0.00
"20-OCT-2013 07:30","64",0.00,12.51,10.41,0.00,65.14,0.00,0.00
"20-OCT-2013 07:30","65",0.00,0.00,10.40,0.00,0.00,0.00,0.00
"20-OCT-2013 07:30","68",0.00,0.00,10.39,0.00,0.00,0.00,0.00
"20-OCT-2013 07:30","69",0.00,0.00,10.38,0.00,0.00,0.00,0.00
"20-OCT-2013 07:30","73",0.00,25.29,10.40,0.00,131.46,0.00,0.00
"20-OCT-2013 07:30","74",0.00,0.00,10.39,0.00,0.00,0.00,0.00
"20-OCT-2013 07:30","75",0.00,0.00,10.39,0.00,0.00,0.00,0.00
"20-OCT-2013 07:30","76",0.00,0.00,10.38,0.00,0.00,0.00,0.00
"20-OCT-2013 07:30","77",0.00,1.52,10.39,0.00,7.90,0.00,0.00
"20-OCT-2013 07:30","78",0.00,0.00,10.38,0.00,0.00,0.00,0.00
"20-OCT-2013 07:30","79",0.00,0.00,10.38,0.00,0.00,0.00,0.00
"20-OCT-2013 07:30","80",0.00,0.00,10.38,0.00,0.00,0.00,0.00
"20-OCT-2013 07:30","81",219.00,0.00,10.38,1136.82,0.00,0.00,0.00
"20-OCT-2013 07:30","82",0.00,0.00,10.38,0.00,0.00,0.00,0.00
"20-OCT-2013 07:30","83",0.00,10.16,10.52,0.00,53.49,0.00,0.00
"20-OCT-2013 07:30","84",0.00,23.47,10.51,0.00,123.33,0.00,0.00
"20-OCT-2013 07:30","85",0.00,0.00,10.36,0.00,0.00,0.00,0.00
"20-OCT-2013 07:30","86",37.00,0.00,10.39,192.25,0.00,0.00,0.00
"20-OCT-2013 07:30","87",0.00,81.16,10.39,0.00,421.72,0.00,0.00
"20-OCT-2013 07:30","88",0.00,0.00,10.39,0.00,0.00,0.00,0.00
"20-OCT-2013 07:30","89",0.00,0.00,10.38,0.00,0.00,0.00,0.00
"20-OCT-2013 07:30","90",0.00,47.46,10.39,0.00,246.63,0.00,0.00
"20-OCT-2013 07:30","91",0.00,3.76,10.38,0.00,19.50,0.00,0.00
"20-OCT-2013 07:30","92",0.00,46.33,10.44,0.00,241.80,0.00,0.00
"20-OCT-2013 07:30","93",0.00,15.45,10.42,0.00,80.55,0.00,0.00
"20-OCT-2013 07:30","94",0.00,50.48,10.39,0.00,262.20,0.00,0.00
"20-OCT-2013 07:30","95",0.00,0.00,10.38,0.00,0.00,0.00,0.00
"20-OCT-2013 07:30","96",0.00,0.00,10.37,0.00,0.00,0.00,0.00
"20-OCT-2013 07:30","97",0.00,0.00,10.37,0.00,0.00,0.00,0.00
"20-OCT-2013 07:30","98",0.00,43.83,10.38,0.00,227.41,0.00,0.00
"20-OCT-2013 07:30","99",0.00,0.00,10.37,0.00,0.00,0.00,0.00
"20-OCT-2013 07:30","100",0.00,0.00,10.37,0.00,0.00,0.00,0.00
"20-OCT-2013 07:30","101",0.00,35.31,10.45,0.00,184.53,0.00,0.00
"20-OCT-2013 07:30","102",0.00,0.00,10.45,0.00,0.00,0.00,0.00
"20-OCT-2013 07:30","103",0.00,0.00,10.52,0.00,0.00,0.00,0.00
"20-OCT-2013 07:30","104",0.00,43.71,10.41,0.00,227.49,0.00,0.00
"20-OCT-2013 07:30","105",0.00,35.98,10.41,0.00,187.27,0.00,0.00
"20-OCT-2013 07:30","106",0.00,6.85,10.23,0.00,35.05,0.00,0.00
"20-OCT-2013 07:30","107",42.00,0.00,10.23,214.89,0.00,0.00,0.00
"20-OCT-2013 07:30","108",0.00,0.00,10.23,0.00,0.00,0.00,0.00
"20-OCT-2013 07:30","109",0.00,0.00,10.23,0.00,0.00,0.00,0.00
"20-OCT-2013 07:30","110",0.00,0.00,10.23,0.00,0.00,0.00,0.00
"20-OCT-2013 07:30","111",0.00,26.46,10.88,0.00,143.91,0.00,0.00
"20-OCT-2013 07:30","112",0.00,0.00,10.82,0.00,0.00,0.00,0.00
"20-OCT-2013 07:30","113",21.00,0.00,10.28,107.93,0.00,0.00,0.00
"20-OCT-2013 07:30","114",11.50,0.00,9.80,56.34,0.00,0.00,0.00
"20-OCT-2013 07:30","115",11.50,0.00,9.80,56.34,0.00,0.00,0.00
"20-OCT-2013 07:30","116",11.50,0.00,9.80,56.34,0.00,0.00,0.00
"20-OCT-2013 07:30","117",11.50,0.00,9.80,56.34,0.00,0.00,0.00
"20-OCT-2013 07:30","118",0.00,0.00,10.28,0.00,0.00,0.00,0.00
"20-OCT-2013 07:30","119",15.33,0.00,10.57,81.02,0.00,0.00,0.00
"20-OCT-2013 07:30","120",15.33,0.00,10.57,81.02,0.00,0.00,0.00
"20-OCT-2013 07:30","121",15.33,0.00,10.57,81.02,0.00,0.00,0.00
"20-OCT-2013 07:30","122",0.00,0.00,10.57,0.00,0.00,0.00,0.00
"20-OCT-2013 07:30","123",0.00,26.28,10.62,0.00,139.46,0.00,0.00
"20-OCT-2013 07:30","124",0.00,0.00,10.55,0.00,0.00,0.00,0.00
"20-OCT-2013 07:30","125",0.00,0.00,10.55,0.00,0.00,0.00,0.00
"20-OCT-2013 07:30","126",0.00,13.48,10.37,0.00,69.88,0.00,0.00
"20-OCT-2013 07:30","127",0.00,56.85,10.35,0.00,294.15,0.00,0.00
"20-OCT-2013 07:30","128",0.00,0.21,10.35,0.00,1.09,0.00,0.00
"20-OCT-2013 07:30","129",0.00,0.00,10.35,0.00,0.00,0.00,0.00
"20-OCT-2013 07:30","130",0.00,0.00,10.34,0.00,0.00,0.00,0.00
"20-OCT-2013 07:30","131",0.00,0.00,10.63,0.00,0.00,0.00,0.00
"20-OCT-2013 07:30","132",0.00,0.00,10.54,0.00,0.00,0.00,0.00
"20-OCT-2013 07:30","133",0.00,0.00,10.31,0.00,0.00,0.00,0.00
"20-OCT-2013 07:30","134",0.00,11.61,10.38,0.00,60.24,0.00,0.00
"20-OCT-2013 07:30","135",0.00,0.00,10.36,0.00,0.00,0.00,0.00
"20-OCT-2013 07:30","136",0.00,32.96,10.86,0.00,178.92,0.00,0.00
"20-OCT-2013 07:30","137",0.00,0.00,10.81,0.00,0.00,0.00,0.00
"20-OCT-2013 07:30","138",0.00,43.75,10.23,0.00,223.74,0.00,0.00
"20-OCT-2013 07:30","139",35.00,14.39,10.16,177.72,73.04,0.00,0.00
"20-OCT-2013 07:30","140",0.00,9.90,10.19,0.00,50.43,0.00,0.00
"20-OCT-2013 07:30","141",0.00,0.00,10.17,0.00,0.00,0.00,0.00
"20-OCT-2013 07:30","142",0.00,0.00,10.17,0.00,0.00,0.00,0.00
"20-OCT-2013 07:30","143",0.00,24.93,10.75,0.00,133.99,0.00,0.00
"20-OCT-2013 07:30","144",0.00,0.00,10.74,0.00,0.00,0.00,0.00
"20-OCT-2013 07:30","145",0.00,-1.90,10.29,0.00,-9.77,0.00,0.00
"20-OCT-2013 07:30","146",0.00,0.00,10.31,0.00,0.00,0.00,0.00
"20-OCT-2013 07:30","147",0.00,19.64,10.64,0.00,104.54,0.00,0.00
"20-OCT-2013 07:30","148",0.00,27.85,10.69,0.00,148.91,0.00,0.00
"20-OCT-2013 07:30","149",0.00,0.00,10.62,0.00,0.00,0.00,0.00
"20-OCT-2013 07:30","150",0.00,21.30,10.68,0.00,113.74,0.00,0.00
"20-OCT-2013 07:30","151",0.00,0.00,10.67,0.00,0.00,0.00,0.00
"20-OCT-2013 07:30","152",0.00,20.21,10.23,0.00,103.39,0.00,0.00
"20-OCT-2013 07:30","153",0.00,0.00,10.24,0.00,0.00,0.00,0.00
"20-OCT-2013 07:30","154",0.00,0.00,10.23,0.00,0.00,0.00,0.00
"20-OCT-2013 07:30","155",0.00,0.00,10.30,0.00,0.00,0.00,0.00
"20-OCT-2013 07:30","156",0.00,0.00,10.28,0.00,0.00,0.00,0.00
"20-OCT-2013 07:30","157",0.00,0.00,10.28,0.00,0.00,0.00,0.00
"20-OCT-2013 07:30","158",0.00,0.00,10.28,0.00,0.00,0.00,0.00
"20-OCT-2013 07:30","159",0.00,0.00,10.28,0.00,0.00,0.00,0.00
"20-OCT-2013 07:30","160",0.00,0.00,10.28,0.00,0.00,0.00,0.00
"20-OCT-2013 07:30","161",0.00,0.00,10.28,0.00,0.00,0.00,0.00
"20-OCT-2013 07:30","162",290.00,0.00,10.28,1490.98,0.00,0.00,0.00
"20-OCT-2013 07:30","163",0.00,15.88,10.29,0.00,81.74,0.00,0.00
"20-OCT-2013 07:30","164",0.00,0.00,10.28,0.00,0.00,0.00,0.00
"20-OCT-2013 07:30","165",0.00,0.24,9.75,0.00,1.18,0.00,0.00
"20-OCT-2013 07:30","166",0.00,0.00,9.75,0.00,0.00,0.00,0.00
"20-OCT-2013 07:30","167",40.50,0.00,9.75,197.41,0.00,0.00,0.00
"20-OCT-2013 07:30","168",40.50,0.00,9.75,197.41,0.00,0.00,0.00
"20-OCT-2013 07:30","169",0.00,0.00,9.75,0.00,0.00,0.00,0.00
"20-OCT-2013 07:30","170",24.00,0.00,9.70,116.37,0.00,0.00,0.00
"20-OCT-2013 07:30","171",0.00,0.00,9.70,0.00,0.00,0.00,0.00
"20-OCT-2013 07:30","172",8.25,0.00,9.85,40.63,0.00,0.00,0.00
"20-OCT-2013 07:30","173",8.25,0.00,9.85,40.63,0.00,0.00,0.00
"20-OCT-2013 07:30","174",0.00,0.18,9.85,0.00,0.88,0.00,0.00
"20-OCT-2013 07:30","175",0.00,0.00,9.85,0.00,0.00,0.00,0.00
"20-OCT-2013 07:30","176",0.00,0.00,9.85,0.00,0.00,0.00,0.00
"20-OCT-2013 07:30","177",0.00,0.00,9.85,0.00,0.00,0.00,0.00
"20-OCT-2013 07:30","178",9.00,0.00,9.76,43.90,0.00,0.00,0.00
"20-OCT-2013 07:30","179",9.00,0.00,9.76,43.90,0.00,0.00,0.00
"20-OCT-2013 07:30","180",9.00,0.00,9.76,43.90,0.00,0.00,0.00
"20-OCT-2013 07:30","181",0.00,0.00,9.76,0.00,0.00,0.00,0.00
"20-OCT-2013 07:30","182",0.00,0.00,9.96,0.00,0.00,0.00,0.00
"20-OCT-2013 07:30","183",0.00,0.00,9.96,0.00,0.00,0.00,0.00
"20-OCT-2013 07:30","184",0.00,0.00,9.96,0.00,0.00,0.00,0.00
"20-OCT-2013 07:30","185",0.00,0.00,9.96,0.00,0.00,0.00,0.00
"20-OCT-2013 07:30","186",0.00,0.00,9.96,0.00,0.00,0.00,0.00
"20-OCT-2013 07:30","187",15.01,0.00,10.00,75.07,0.00,0.00,0.00
"20-OCT-2013 07:30","188",0.00,0.00,10.00,0.00,0.00,0.00,0.00
"20-OCT-2013 07:30","189",59.24,0.00,10.16,300.92,0.00,0.00,0.00
"20-OCT-2013 07:30","190",53.76,0.00,10.16,273.07,0.00,0.00,0.00
"20-OCT-2013 07:30","191",0.00,0.00,10.16,0.00,0.00,0.00,0.00
"20-OCT-2013 07:30","192",11.50,0.00,10.16,58.41,0.00,0.00,0.00
"20-OCT-2013 07:30","193",11.50,0.00,10.16,58.41,0.00,0.00,0.00
"20-OCT-2013 07:30","194",11.50,0.00,10.16,58.41,0.00,0.00,0.00
"20-OCT-2013 07:30","195",11.50,0.00,10.16,58.41,0.00,0.00,0.00
"20-OCT-2013 07:30","196",0.00,7.47,10.16,0.00,37.92,0.00,0.00
"20-OCT-2013 07:30","197",0.00,0.00,10.16,0.00,0.00,0.00,0.00
"20-OCT-2013 07:30","198",0.00,0.00,10.16,0.00,0.00,0.00,0.00
"20-OCT-2013 07:30","199",0.00,0.00,10.16,0.00,0.00,0.00,0.00
"20-OCT-2013 07:30","200",0.00,0.00,10.16,0.00,0.00,0.00,0.00
"20-OCT-2013 07:30","201",8.30,0.00,10.15,42.12,0.00,0.00,0.00
"20-OCT-2013 07:30","202",8.30,0.00,10.15,42.12,0.00,0.00,0.00
"20-OCT-2013 07:30","203",8.30,0.00,10.15,42.12,0.00,0.00,0.00
"20-OCT-2013 07:30","204",8.30,0.00,10.15,42.12,0.00,0.00,0.00
"20-OCT-2013 07:30","205",8.30,0.00,10.15,42.12,0.00,0.00,0.00
"20-OCT-2013 07:30","206",8.30,0.00,10.15,42.12,0.00,0.00,0.00
"20-OCT-2013 07:30","207",8.30,0.00,10.15,42.12,0.00,0.00,0.00
"20-OCT-2013 07:30","208",8.30,0.00,10.15,42.12,0.00,0.00,0.00
"20-OCT-2013 07:30","209",8.30,0.00,10.15,42.12,0.00,0.00,0.00
"20-OCT-2013 07:30","210",8.30,0.00,10.15,42.12,0.00,0.00,0.00
"20-OCT-2013 07:30","211",0.00,0.00,10.15,0.00,0.00,0.00,0.00
"20-OCT-2013 07:30","212",22.00,0.00,10.15,111.60,0.00,0.00,0.00
"20-OCT-2013 07:30","213",0.00,0.00,10.15,0.00,0.00,0.00,0.00
"20-OCT-2013 07:30","214",51.00,0.00,10.11,257.79,0.00,0.00,0.00
"20-OCT-2013 07:30","215",0.00,0.00,10.11,0.00,0.00,0.00,0.00
"20-OCT-2013 07:30","216",0.00,0.00,9.87,0.00,0.00,0.00,0.00
"20-OCT-2013 07:30","217",0.00,0.00,9.87,0.00,0.00,0.00,0.00
"20-OCT-2013 07:30","218",20.00,0.00,9.87,98.69,0.00,0.00,0.00
"20-OCT-2013 07:30","219",0.00,0.00,9.87,0.00,0.00,0.00,0.00
"20-OCT-2013 07:30","220",27.59,0.00,9.76,134.65,0.00,0.00,0.00
"20-OCT-2013 07:30","221",12.61,0.00,9.76,61.53,0.00,0.00,0.00
"20-OCT-2013 07:30","222",30.71,0.00,9.76,149.85,0.00,0.00,0.00
"20-OCT-2013 07:30","223",24.70,0.00,9.76,120.53,0.00,0.00,0.00
"20-OCT-2013 07:30","224",24.70,0.00,9.76,120.53,0.00,0.00,0.00
"20-OCT-2013 07:30","225",24.70,0.00,9.76,120.53,0.00,0.00,0.00
"20-OCT-2013 07:30","226",0.00,22.45,9.70,0.00,108.86,0.00,0.00
"20-OCT-2013 07:30","227",0.00,0.00,9.76,0.00,0.00,0.00,0.00
"20-OCT-2013 07:30","228",0.00,0.00,9.76,0.00,0.00,0.00,0.00
"20-OCT-2013 07:30","229",0.00,0.00,9.76,0.00,0.00,0.00,0.00
"20-OCT-2013 07:30","230",0.00,0.00,9.73,0.00,0.00,0.00,0.00
"20-OCT-2013 07:30","231",0.00,0.00,9.73,0.00,0.00,0.00,0.00
"20-OCT-2013 07:30","232",0.00,0.00,9.73,0.00,0.00,0.00,0.00
"20-OCT-2013 07:30","233",3.77,0.00,9.73,18.31,0.00,0.00,0.00
"20-OCT-2013 07:30","234",0.00,0.00,9.73,0.00,0.00,0.00,0.00
"20-OCT-2013 07:30","235",17.12,0.00,9.73,83.25,0.00,0.00,0.00
"20-OCT-2013 07:30","236",17.12,0.00,9.73,83.25,0.00,0.00,0.00
"20-OCT-2013 07:30","237",0.00,0.00,9.73,0.00,0.00,0.00,0.00
"20-OCT-2013 07:30","238",0.00,0.00,9.73,0.00,0.00,0.00,0.00
"20-OCT-2013 07:30","239",0.00,0.00,9.73,0.00,0.00,0.00,0.00
"20-OCT-2013 07:30","242",0.00,40.42,9.99,0.00,201.94,0.00,0.00
"20-OCT-2013 07:30","243",0.00,0.00,9.96,0.00,0.00,0.00,0.00
"20-OCT-2013 07:30","244",0.00,0.00,9.96,0.00,0.00,0.00,0.00
"20-OCT-2013 07:30","245",0.00,0.00,9.95,0.00,0.00,0.00,0.00
"20-OCT-2013 07:30","246",0.00,0.00,9.96,0.00,0.00,0.00,0.00
"20-OCT-2013 07:30","247",0.00,5.68,10.07,0.00,28.62,0.00,0.00
"20-OCT-2013 07:30","248",0.00,0.00,10.08,0.00,0.00,0.00,0.00
"20-OCT-2013 07:30","249",0.00,0.00,10.05,0.00,0.00,0.00,0.00
"20-OCT-2013 07:30","250",0.00,0.71,10.65,0.00,3.77,0.00,0.00
"20-OCT-2013 07:30","251",0.00,0.00,10.52,0.00,0.00,0.00,0.00
"20-OCT-2013 07:30","252",0.00,38.76,9.94,0.00,192.62,0.00,0.00
"20-OCT-2013 07:30","253",0.00,10.34,9.87,0.00,51.02,0.00,0.00
"20-OCT-2013 07:30","254",0.00,7.43,9.90,0.00,36.77,0.00,0.00
"20-OCT-2013 07:30","255",0.00,0.00,9.88,0.00,0.00,0.00,0.00
"20-OCT-2013 07:30","256",0.00,0.00,9.93,0.00,0.00,0.00,0.00
"20-OCT-2013 07:30","257",0.00,6.46,10.13,0.00,32.73,0.00,0.00
"20-OCT-2013 07:30","258",0.00,0.00,10.13,0.00,0.00,0.00,0.00
"20-OCT-2013 07:30","259",0.00,0.00,10.14,0.00,0.00,0.00,0.00
"20-OCT-2013 07:30","260",22.00,0.00,9.71,106.77,0.00,0.00,0.00
"20-OCT-2013 07:30","261",0.00,0.00,9.85,0.00,0.00,0.00,0.00
"20-OCT-2013 07:30","262",0.00,0.00,9.71,0.00,0.00,0.00,0.00
"20-OCT-2013 07:30","263",0.00,24.24,10.15,0.00,123.02,0.00,0.00
"20-OCT-2013 07:30","264",0.00,0.00,10.14,0.00,0.00,0.00,0.00
"20-OCT-2013 07:30","265",0.00,0.00,10.07,0.00,0.00,0.00,0.00
"20-OCT-2013 07:30","267",0.00,0.00,10.05,0.00,0.00,0.00,0.00
"20-OCT-2013 07:30","268",0.00,0.00,10.12,0.00,0.00,0.00,0.00
"20-OCT-2013 07:30","269",0.00,0.00,10.11,0.00,0.00,0.00,0.00
"20-OCT-2013 07:30","270",0.00,0.00,10.11,0.00,0.00,0.00,0.00
"20-OCT-2013 07:30","271",0.00,3.08,10.11,0.00,15.57,0.00,0.00
"20-OCT-2013 07:30","272",0.00,12.03,10.18,0.00,61.23,0.00,0.00
"20-OCT-2013 07:30","273",0.00,26.95,10.14,0.00,136.57,0.00,0.00
"20-OCT-2013 07:30","274",0.00,0.00,10.08,0.00,0.00,0.00,0.00
"20-OCT-2013 07:30","275",0.00,6.46,10.09,0.00,32.63,0.00,0.00
"20-OCT-2013 07:30","276",0.00,0.00,10.04,0.00,0.00,0.00,0.00
"20-OCT-2013 07:30","277",0.00,0.00,10.04,0.00,0.00,0.00,0.00
"20-OCT-2013 07:30","278",0.00,10.73,10.14,0.00,54.38,0.00,0.00
"20-OCT-2013 07:30","279",0.00,32.41,10.14,0.00,164.29,0.00,0.00
"20-OCT-2013 07:30","280",0.00,0.00,10.13,0.00,0.00,0.00,0.00
"20-OCT-2013 07:30","281",0.00,12.63,10.11,0.00,63.84,0.00,0.00
"20-OCT-2013 07:30","282",0.00,0.00,10.09,0.00,0.00,0.00,0.00
"20-OCT-2013 07:30","283",30.00,0.00,10.14,152.07,0.00,0.00,0.00
"20-OCT-2013 07:30","284",0.00,0.00,10.14,0.00,0.00,0.00,0.00
"20-OCT-2013 07:30","285",0.00,0.00,9.75,0.00,0.00,0.00,0.00
"20-OCT-2013 07:30","286",0.00,0.00,9.70,0.00,0.00,0.00,0.00
"20-OCT-2013 07:30","287",12.00,0.00,10.08,60.46,0.00,0.00,0.00
"20-OCT-2013 07:30","288",0.00,0.00,10.08,0.00,0.00,0.00,0.00
"20-OCT-2013 07:30","289",0.00,6.74,10.12,0.00,34.13,0.00,0.00
"20-OCT-2013 07:30","290",0.00,0.00,10.11,0.00,0.00,0.00,0.00
"20-OCT-2013 07:30","291",0.00,0.00,10.09,0.00,0.00,0.00,0.00
"20-OCT-2013 07:30","292",101.00,0.00,9.88,498.99,0.00,0.00,0.00
"20-OCT-2013 07:30","293",0.00,0.00,9.88,0.00,0.00,0.00,0.00
"20-OCT-2013 07:30","294",2.83,0.00,10.17,14.41,0.00,0.00,0.00
"20-OCT-2013 07:30","295",0.00,0.00,10.17,0.00,0.00,0.00,0.00
"20-OCT-2013 07:30","296",2.75,0.00,10.17,13.99,0.00,0.00,0.00
"20-OCT-2013 07:30","297",0.00,0.24,10.21,0.00,1.20,0.00,0.00
"20-OCT-2013 07:30","298",2.83,0.00,10.17,14.41,0.00,0.00,0.00
"20-OCT-2013 07:30","299",2.83,0.00,10.17,14.41,0.00,0.00,0.00
"20-OCT-2013 07:30","300",0.00,0.00,10.17,0.00,0.00,0.00,0.00
"20-OCT-2013 07:30","301",2.75,0.00,10.17,13.99,0.00,0.00,0.00
"20-OCT-2013 07:30","302",0.00,0.00,10.17,0.00,0.00,0.00,0.00
"20-OCT-2013 07:30","303",0.00,70.44,9.89,0.00,348.42,0.00,0.00
"20-OCT-2013 07:30","304",0.00,0.00,9.86,0.00,0.00,0.00,0.00
"20-OCT-2013 07:30","305",0.00,0.00,9.86,0.00,0.00,0.00,0.00
"20-OCT-2013 07:30","306",0.00,0.00,9.86,0.00,0.00,0.00,0.00
"20-OCT-2013 07:30","307",0.00,0.10,9.86,0.00,0.49,0.00,0.00
"20-OCT-2013 07:30","308",0.00,20.29,10.01,0.00,101.51,0.00,0.00
"20-OCT-2013 07:30","309",0.00,0.00,10.00,0.00,0.00,0.00,0.00
"20-OCT-2013 07:30","312",0.00,21.43,10.44,0.00,111.84,0.00,0.00
"20-OCT-2013 07:30","313",0.00,0.00,10.43,0.00,0.00,0.00,0.00
"20-OCT-2013 07:30","314",0.00,0.00,10.43,0.00,0.00,0.00,0.00
"20-OCT-2013 07:30","315",0.00,0.00,10.42,0.00,0.00,0.00,0.00
"20-OCT-2013 07:30","316",0.00,25.50,9.93,0.00,126.64,0.00,0.00
"20-OCT-2013 07:30","317",0.00,0.00,9.92,0.00,0.00,0.00,0.00
"20-OCT-2013 07:30","318",0.00,0.00,9.88,0.00,0.00,0.00,0.00
"20-OCT-2013 07:30","319",0.00,4.72,10.24,0.00,24.17,0.00,0.00
"20-OCT-2013 07:30","320",0.00,0.00,10.22,0.00,0.00,0.00,0.00
"20-OCT-2013 07:30","321",0.00,0.00,10.22,0.00,0.00,0.00,0.00
"20-OCT-2013 07:30","322",0.00,33.79,9.90,0.00,167.27,0.00,0.00
"20-OCT-2013 07:30","323",0.00,0.00,9.89,0.00,0.00,0.00,0.00
"20-OCT-2013 07:30","324",0.00,10.33,9.86,0.00,50.91,0.00,0.00
"20-OCT-2013 07:30","325",0.00,0.00,9.85,0.00,0.00,0.00,0.00
"20-OCT-2013 07:30","326",0.00,22.28,10.02,0.00,111.55,0.00,0.00
"20-OCT-2013 07:30","327",0.00,0.00,10.01,0.00,0.00,0.00,0.00
"20-OCT-2013 07:30","328",0.00,7.80,9.94,0.00,38.74,0.00,0.00
"20-OCT-2013 07:30","329",0.00,0.00,9.92,0.00,0.00,0.00,0.00
"20-OCT-2013 07:30","330",0.00,8.86,10.08,0.00,44.67,0.00,0.00
"20-OCT-2013 07:30","331",0.00,0.00,10.06,0.00,0.00,0.00,0.00
"20-OCT-2013 07:30","332",0.00,0.00,9.90,0.00,0.00,0.00,0.00
"20-OCT-2013 07:30","333",18.00,0.00,9.90,89.09,0.00,0.00,0.00
"20-OCT-2013 07:30","334",0.00,0.00,9.90,0.00,0.00,0.00,0.00
"20-OCT-2013 07:30","335",0.00,0.00,10.04,0.00,0.00,0.00,0.00
"20-OCT-2013 07:30","336",0.00,4.16,10.06,0.00,20.95,0.00,0.00
"20-OCT-2013 07:30","337",0.00,0.00,10.05,0.00,0.00,0.00,0.00
"20-OCT-2013 07:30","338",0.00,0.09,10.06,0.00,0.44,0.00,0.00
"20-OCT-2013 07:30","339",0.00,0.09,10.06,0.00,0.44,0.00,0.00
"20-OCT-2013 07:30","340",0.00,0.00,10.06,0.00,0.00,0.00,0.00
"20-OCT-2013 07:30","341",0.00,8.90,10.00,0.00,44.51,0.00,0.00
"20-OCT-2013 07:30","342",0.00,0.00,9.99,0.00,0.00,0.00,0.00
"20-OCT-2013 07:30","343",0.00,0.00,9.98,0.00,0.00,0.00,0.00
"20-OCT-2013 07:30","344",0.00,9.44,10.02,0.00,47.29,0.00,0.00
"20-OCT-2013 07:30","345",0.00,0.00,10.03,0.00,0.00,0.00,0.00
"20-OCT-2013 07:30","346",0.00,0.00,9.93,0.00,0.00,0.00,0.00
"20-OCT-2013 07:30","347",0.00,0.00,9.93,0.00,0.00,0.00,0.00
"20-OCT-2013 07:30","348",0.00,18.25,10.01,0.00,91.31,0.00,0.00
"20-OCT-2013 07:30","349",0.00,0.00,9.93,0.00,0.00,0.00,0.00
"20-OCT-2013 07:30","350",0.00,0.74,9.93,0.00,3.68,0.00,0.00
"20-OCT-2013 07:30","351",0.00,0.00,9.93,0.00,0.00,0.00,0.00
"20-OCT-2013 07:30","352",0.00,0.00,9.93,0.00,0.00,0.00,0.00
"20-OCT-2013 07:30","353",0.00,0.00,9.92,0.00,0.00,0.00,0.00
"20-OCT-2013 07:30","354",8.16,0.00,9.92,40.50,0.00,0.00,0.00
"20-OCT-2013 07:30","355",5.84,0.00,9.92,28.96,0.00,0.00,0.00
"20-OCT-2013 07:30","356",0.00,0.00,9.92,0.00,0.00,0.00,0.00
"20-OCT-2013 07:30","357",0.00,2.89,9.89,0.00,14.29,0.00,0.00
"20-OCT-2013 07:30","358",0.00,0.00,9.88,0.00,0.00,0.00,0.00
"20-OCT-2013 07:30","359",21.00,0.00,9.92,104.18,0.00,0.00,0.00
"20-OCT-2013 07:30","360",0.00,0.00,9.92,0.00,0.00,0.00,0.00
"20-OCT-2013 07:30","361",51.00,0.00,9.66,246.29,0.00,0.00,0.00
"20-OCT-2013 07:30","362",51.00,0.00,9.66,246.29,0.00,0.00,0.00
"20-OCT-2013 07:30","363",0.00,0.00,9.66,0.00,0.00,0.00,0.00
"20-OCT-2013 07:30","364",37.50,0.00,10.04,188.33,0.00,0.00,0.00
"20-OCT-2013 07:30","365",37.50,0.00,10.04,188.33,0.00,0.00,0.00
"20-OCT-2013 07:30","366",37.50,0.00,10.04,188.33,0.00,0.00,0.00
"20-OCT-2013 07:30","367",37.50,0.00,10.04,188.33,0.00,0.00,0.00
"20-OCT-2013 07:30","368",0.00,3.76,10.06,0.00,18.90,0.00,0.00
"20-OCT-2013 07:30","369",0.00,0.00,10.04,0.00,0.00,0.00,0.00
"20-OCT-2013 07:30","373",0.00,16.10,9.79,0.00,78.81,0.00,0.00
"20-OCT-2013 07:30","374",0.00,0.17,9.79,0.00,0.84,0.00,0.00
"20-OCT-2013 07:30","375",0.00,0.00,9.76,0.00,0.00,0.00,0.00
"20-OCT-2013 07:30","376",0.00,0.00,9.76,0.00,0.00,0.00,0.00
"20-OCT-2013 07:30","377",0.00,0.00,9.76,0.00,0.00,0.00,0.00
"20-OCT-2013 07:30","378",0.00,0.00,9.74,0.00,0.00,0.00,0.00
"20-OCT-2013 07:30","379",0.00,0.00,9.77,0.00,0.00,0.00,0.00
"20-OCT-2013 07:30","380",0.00,8.37,9.74,0.00,40.76,0.00,0.00
"20-OCT-2013 07:30","381",0.00,0.00,9.74,0.00,0.00,0.00,0.00
"20-OCT-2013 07:30","382",0.00,0.00,9.74,0.00,0.00,0.00,0.00
"20-OCT-2013 07:30","383",0.00,-1.14,9.76,0.00,-5.56,0.00,0.00
"20-OCT-2013 07:30","384",0.00,0.00,9.75,0.00,0.00,0.00,0.00
"20-OCT-2013 07:30","385",0.00,0.00,9.75,0.00,0.00,0.00,0.00
"20-OCT-2013 07:30","386",0.00,0.00,9.86,0.00,0.00,0.00,0.00
"20-OCT-2013 07:30","387",0.00,17.11,9.86,0.00,84.37,0.00,0.00
"20-OCT-2013 07:30","388",0.00,0.00,9.85,0.00,0.00,0.00,0.00
"20-OCT-2013 07:30","389",0.00,0.00,9.85,0.00,0.00,0.00,0.00
"20-OCT-2013 07:30","390",0.00,9.51,9.81,0.00,46.62,0.00,0.00
"20-OCT-2013 07:30","391",0.00,0.00,9.80,0.00,0.00,0.00,0.00
"20-OCT-2013 07:30","392",0.00,0.00,9.80,0.00,0.00,0.00,0.00
"20-OCT-2013 07:30","393",0.00,3.37,10.30,0.00,17.33,0.00,0.00
"20-OCT-2013 07:30","394",0.00,0.00,10.29,0.00,0.00,0.00,0.00
"20-OCT-2013 07:30","395",0.00,1.51,10.35,0.00,7.82,0.00,0.00
"20-OCT-2013 07:30","396",0.00,0.00,10.33,0.00,0.00,0.00,0.00
"20-OCT-2013 07:30","397",0.00,3.01,10.31,0.00,15.50,0.00,0.00
"20-OCT-2013 07:30","398",0.00,0.00,10.30,0.00,0.00,0.00,0.00
"20-OCT-2013 07:30","399",0.00,0.00,10.30,0.00,0.00,0.00,0.00
"20-OCT-2013 07:30","400",0.00,3.88,10.09,0.00,19.54,0.00,0.00
"20-OCT-2013 07:30","401",0.00,0.00,10.06,0.00,0.00,0.00,0.00
"20-OCT-2013 07:30","402",0.00,27.53,9.72,0.00,133.82,0.00,0.00
"20-OCT-2013 07:30","403",0.00,2.44,9.72,0.00,11.87,0.00,0.00
"20-OCT-2013 07:30","404",0.00,0.00,9.70,0.00,0.00,0.00,0.00
"20-OCT-2013 07:30","405",0.00,1.90,9.69,0.00,9.19,0.00,0.00
"20-OCT-2013 07:30","406",0.00,-59.03,9.68,0.00,-285.73,0.00,0.00
"20-OCT-2013 07:30","407",0.00,13.48,9.87,0.00,66.49,0.00,0.00
"20-OCT-2013 07:30","408",0.00,0.00,9.85,0.00,0.00,0.00,0.00
"20-OCT-2013 07:30","409",0.00,10.43,10.12,0.00,52.77,0.00,0.00
"20-OCT-2013 07:30","410",0.00,0.00,10.10,0.00,0.00,0.00,0.00
"20-OCT-2013 07:30","411",0.00,0.00,10.10,0.00,0.00,0.00,0.00
"20-OCT-2013 07:30","412",0.00,0.00,9.68,0.00,0.00,0.00,0.00
"20-OCT-2013 07:30","413",0.00,0.00,9.68,0.00,0.00,0.00,0.00
"20-OCT-2013 07:30","414",0.00,0.00,9.76,0.00,0.00,0.00,0.00
"20-OCT-2013 07:30","415",0.00,0.00,9.79,0.00,0.00,0.00,0.00
"20-OCT-2013 07:30","416",0.00,0.00,9.79,0.00,0.00,0.00,0.00
"20-OCT-2013 07:30","417",0.00,0.00,9.76,0.00,0.00,0.00,0.00
"20-OCT-2013 07:30","418",0.00,0.00,9.76,0.00,0.00,0.00,0.00
"20-OCT-2013 07:30","419",0.00,0.00,9.74,0.00,0.00,0.00,0.00
"20-OCT-2013 07:30","420",0.00,-80.37,9.74,0.00,-391.27,0.00,0.00
"20-OCT-2013 07:30","421",0.00,0.00,9.74,0.00,0.00,0.00,0.00
"20-OCT-2013 07:30","422",0.00,7.15,9.67,0.00,34.56,0.00,0.00
"20-OCT-2013 07:30","423",0.00,61.73,9.65,0.00,297.80,0.00,0.00
"20-OCT-2013 07:30","424",0.00,0.00,9.64,0.00,0.00,0.00,0.00
"20-OCT-2013 07:30","425",0.00,0.00,9.63,0.00,0.00,0.00,0.00
"20-OCT-2013 07:30","426",0.00,0.00,9.63,0.00,0.00,0.00,0.00
"20-OCT-2013 07:30","427",0.00,23.19,9.66,0.00,111.97,0.00,0.00
"20-OCT-2013 07:30","428",0.00,0.00,9.64,0.00,0.00,0.00,0.00
"20-OCT-2013 07:30","429",0.00,0.00,9.64,0.00,0.00,0.00,0.00
"20-OCT-2013 07:30","430",0.00,5.13,9.76,0.00,25.03,0.00,0.00
"20-OCT-2013 07:30","431",0.00,0.00,9.74,0.00,0.00,0.00,0.00
"20-OCT-2013 07:30","432",0.00,0.00,9.74,0.00,0.00,0.00,0.00
"20-OCT-2013 07:30","433",0.00,0.00,9.61,0.00,0.00,0.00,0.00
"20-OCT-2013 07:30","434",0.00,0.00,9.61,0.00,0.00,0.00,0.00
"20-OCT-2013 07:30","435",0.00,0.00,9.61,0.00,0.00,0.00,0.00
"20-OCT-2013 07:30","436",0.00,5.91,9.65,0.00,28.51,0.00,0.00
"20-OCT-2013 07:30","437",0.00,0.00,9.65,0.00,0.00,0.00,0.00
"20-OCT-2013 07:30","438",0.00,0.00,9.63,0.00,0.00,0.00,0.00
"20-OCT-2013 07:30","439",0.00,0.00,9.63,0.00,0.00,0.00,0.00
"20-OCT-2013 07:30","440",0.00,0.00,9.63,0.00,0.00,0.00,0.00
"20-OCT-2013 07:30","441",0.00,0.00,9.61,0.00,0.00,0.00,0.00
"20-OCT-2013 07:30","442",0.00,0.00,9.61,0.00,0.00,0.00,0.00
"20-OCT-2013 07:30","443",0.00,0.00,9.63,0.00,0.00,0.00,0.00
"20-OCT-2013 07:30","444",0.00,5.69,9.64,0.00,27.43,0.00,0.00
"20-OCT-2013 07:30","445",0.00,0.00,9.63,0.00,0.00,0.00,0.00
"20-OCT-2013 07:30","446",0.00,0.00,9.63,0.00,0.00,0.00,0.00
"20-OCT-2013 07:30","449",0.00,0.00,9.61,0.00,0.00,0.00,0.00
"20-OCT-2013 07:30","450",0.00,0.00,9.61,0.00,0.00,0.00,0.00
"20-OCT-2013 07:30","451",0.00,0.00,9.61,0.00,0.00,0.00,0.00
"20-OCT-2013 07:30","452",0.00,0.00,9.63,0.00,0.00,0.00,0.00
"20-OCT-2013 07:30","453",0.00,0.00,9.61,0.00,0.00,0.00,0.00
"20-OCT-2013 07:30","454",0.00,0.00,9.61,0.00,0.00,0.00,0.00
"20-OCT-2013 07:30","455",0.00,0.00,9.61,0.00,0.00,0.00,0.00
"20-OCT-2013 07:30","456",0.00,12.23,9.64,0.00,58.98,0.00,0.00
"20-OCT-2013 07:30","457",0.00,0.00,9.63,0.00,0.00,0.00,0.00
"20-OCT-2013 07:30","458",0.00,8.32,9.74,0.00,40.51,0.00,0.00
"20-OCT-2013 07:30","459",0.00,0.00,9.72,0.00,0.00,0.00,0.00
"20-OCT-2013 07:30","460",0.00,10.28,9.67,0.00,49.70,0.00,0.00
"20-OCT-2013 07:30","461",0.00,11.01,9.68,0.00,53.28,0.00,0.00
"20-OCT-2013 07:30","462",0.00,0.00,9.66,0.00,0.00,0.00,0.00
"20-OCT-2013 07:30","463",0.00,0.00,9.66,0.00,0.00,0.00,0.00
"20-OCT-2013 07:30","464",0.00,20.56,9.82,0.00,100.99,0.00,0.00
"20-OCT-2013 07:30","465",0.00,0.00,9.81,0.00,0.00,0.00,0.00
"20-OCT-2013 07:30","466",0.00,25.70,9.76,0.00,125.49,0.00,0.00
"20-OCT-2013 07:30","467",0.00,0.00,9.74,0.00,0.00,0.00,0.00
"20-OCT-2013 07:30","468",0.00,6.49,9.70,0.00,31.50,0.00,0.00
"20-OCT-2013 07:30","469",0.00,0.00,9.69,0.00,0.00,0.00,0.00
"20-OCT-2013 07:30","470",0.00,0.00,9.69,0.00,0.00,0.00,0.00
"20-OCT-2013 07:30","471",0.00,35.24,9.68,0.00,170.62,0.00,0.00
"20-OCT-2013 07:30","472",0.00,0.00,9.66,0.00,0.00,0.00,0.00
"20-OCT-2013 07:30","473",0.00,11.46,9.66,0.00,55.35,0.00,0.00
"20-OCT-2013 07:30","474",0.00,0.00,9.65,0.00,0.00,0.00,0.00
"20-OCT-2013 07:30","475",0.00,19.35,9.64,0.00,93.28,0.00,0.00
"20-OCT-2013 07:30","476",0.00,0.00,9.63,0.00,0.00,0.00,0.00
"20-OCT-2013 07:30","477",0.00,0.00,9.64,0.00,0.00,0.00,0.00
"20-OCT-2013 07:30","478",0.00,0.00,9.62,0.00,0.00,0.00,0.00
"20-OCT-2013 07:30","479",0.00,0.00,9.62,0.00,0.00,0.00,0.00
"20-OCT-2013 07:30","480",0.00,0.00,9.57,0.00,0.00,0.00,0.00
"20-OCT-2013 07:30","481",0.00,-58.50,9.57,0.00,-279.97,0.00,0.00
"20-OCT-2013 07:30","482",0.00,-58.02,9.58,0.00,-277.77,0.00,0.00
"20-OCT-2013 07:30","483",0.00,0.00,9.84,0.00,0.00,0.00,0.00
"20-OCT-2013 07:30","484",0.00,0.00,9.91,0.00,0.00,0.00,0.00
"20-OCT-2013 07:30","485",0.00,0.00,9.91,0.00,0.00,0.00,0.00
"20-OCT-2013 07:30","486",11.00,0.00,9.64,53.03,0.00,0.00,0.00
"20-OCT-2013 07:30","487",0.00,0.00,9.64,0.00,0.00,0.00,0.00
"20-OCT-2013 07:30","488",0.00,28.70,9.79,0.00,140.49,0.00,0.00
"20-OCT-2013 07:30","489",0.00,0.00,9.78,0.00,0.00,0.00,0.00
"20-OCT-2013 07:30","490",0.00,0.00,9.75,0.00,0.00,0.00,0.00
"20-OCT-2013 07:30","491",0.00,1.41,9.58,0.00,6.77,0.00,0.00
"20-OCT-2013 07:30","492",0.00,0.00,9.54,0.00,0.00,0.00,0.00
"20-OCT-2013 07:30","493",0.00,0.00,9.57,0.00,0.00,0.00,0.00
"20-OCT-2013 07:30","494",0.00,0.00,9.56,0.00,0.00,0.00,0.00
"20-OCT-2013 07:30","495",0.00,0.00,9.56,0.00,0.00,0.00,0.00
"20-OCT-2013 07:30","496",0.00,0.00,9.57,0.00,0.00,0.00,0.00
"20-OCT-2013 07:30","497",0.00,2.08,9.74,0.00,10.13,0.00,0.00
"20-OCT-2013 07:30","498",0.00,0.00,9.67,0.00,0.00,0.00,0.00
"20-OCT-2013 07:30","499",0.00,8.49,9.92,0.00,42.13,0.00,0.00
"20-OCT-2013 07:30","500",0.00,0.00,9.81,0.00,0.00,0.00,0.00
"20-OCT-2013 07:30","5001",0.00,0.00,0.00,0.00,0.00,0.00,0.00
"20-OCT-2013 07:30","5002",0.00,0.00,0.00,0.00,0.00,0.00,0.00
"20-OCT-2013 07:30","5003",0.00,0.00,0.00,0.00,0.00,0.00,0.00
"20-OCT-2013 07:30","5004",0.00,0.00,0.00,0.00,0.00,0.00,0.00
"20-OCT-2013 07:30","5005",0.00,0.00,0.00,0.00,0.00,0.00,0.00
"20-OCT-2013 07:30","5006",0.00,0.00,0.00,0.00,0.00,0.00,0.00
"20-OCT-2013 07:30","5007",0.00,0.00,0.00,0.00,0.00,0.00,0.00
"20-OCT-2013 07:30","5008",0.00,0.00,0.00,0.00,0.00,0.00,0.00
"20-OCT-2013 07:30","5009",0.00,0.00,0.00,0.00,0.00,0.00,0.00
"20-OCT-2013 07:30","501",0.00,4.04,9.97,0.00,20.13,0.00,0.00
"20-OCT-2013 07:30","5010",0.00,0.00,0.00,0.00,0.00,0.00,0.00
"20-OCT-2013 07:30","5011",0.00,0.00,0.00,0.00,0.00,0.00,0.00
"20-OCT-2013 07:30","5012",0.00,0.00,0.00,0.00,0.00,0.00,0.00
"20-OCT-2013 07:30","5013",0.00,0.00,0.00,0.00,0.00,0.00,0.00
"20-OCT-2013 07:30","5014",0.00,0.00,0.00,0.00,0.00,0.00,0.00
"20-OCT-2013 07:30","5015",0.00,0.00,0.00,0.00,0.00,0.00,0.00
"20-OCT-2013 07:30","5016",0.00,0.00,0.00,0.00,0.00,0.00,0.00
"20-OCT-2013 07:30","5017",0.00,0.00,0.00,0.00,0.00,0.00,0.00
"20-OCT-2013 07:30","5018",0.00,0.00,0.00,0.00,0.00,0.00,0.00
"20-OCT-2013 07:30","5019",0.00,0.00,0.00,0.00,0.00,0.00,0.00
"20-OCT-2013 07:30","502",0.00,0.00,9.97,0.00,0.00,0.00,0.00
"20-OCT-2013 07:30","5020",0.00,0.00,0.00,0.00,0.00,0.00,0.00
"20-OCT-2013 07:30","5021",0.00,0.00,0.00,0.00,0.00,0.00,0.00
"20-OCT-2013 07:30","5022",0.00,0.00,0.00,0.00,0.00,0.00,0.00
"20-OCT-2013 07:30","5023",0.00,0.00,0.00,0.00,0.00,0.00,0.00
"20-OCT-2013 07:30","5024",0.00,0.00,0.00,0.00,0.00,0.00,0.00
"20-OCT-2013 07:30","5025",0.00,0.00,0.00,0.00,0.00,0.00,0.00
"20-OCT-2013 07:30","5026",0.00,0.00,0.00,0.00,0.00,0.00,0.00
"20-OCT-2013 07:30","5027",0.00,0.00,0.00,0.00,0.00,0.00,0.00
"20-OCT-2013 07:30","5028",0.00,0.00,0.00,0.00,0.00,0.00,0.00
"20-OCT-2013 07:30","5029",0.00,0.00,0.00,0.00,0.00,0.00,0.00
"20-OCT-2013 07:30","503",0.00,0.00,9.65,0.00,0.00,0.00,0.00
"20-OCT-2013 07:30","5030",0.00,0.00,0.00,0.00,0.00,0.00,0.00
"20-OCT-2013 07:30","5031",0.00,0.00,0.00,0.00,0.00,0.00,0.00
"20-OCT-2013 07:30","5032",0.00,0.00,0.00,0.00,0.00,0.00,0.00
"20-OCT-2013 07:30","5033",0.00,0.00,0.00,0.00,0.00,0.00,0.00
"20-OCT-2013 07:30","5034",0.00,0.00,0.00,0.00,0.00,0.00,0.00
"20-OCT-2013 07:30","5035",0.00,0.00,0.00,0.00,0.00,0.00,0.00
"20-OCT-2013 07:30","5036",0.00,0.00,0.00,0.00,0.00,0.00,0.00
"20-OCT-2013 07:30","5037",0.00,0.00,0.00,0.00,0.00,0.00,0.00
"20-OCT-2013 07:30","5038",0.00,0.00,0.00,0.00,0.00,0.00,0.00
"20-OCT-2013 07:30","5039",0.00,0.00,0.00,0.00,0.00,0.00,0.00
"20-OCT-2013 07:30","5040",0.00,0.00,0.00,0.00,0.00,0.00,0.00
"20-OCT-2013 07:30","5041",0.00,0.00,0.00,0.00,0.00,0.00,0.00
"20-OCT-2013 07:30","5042",0.00,0.00,0.00,0.00,0.00,0.00,0.00
"20-OCT-2013 07:30","5043",0.00,0.00,0.00,0.00,0.00,0.00,0.00
"20-OCT-2013 07:30","5044",0.00,0.00,0.00,0.00,0.00,0.00,0.00
"20-OCT-2013 07:30","5045",0.00,0.00,0.00,0.00,0.00,0.00,0.00
"20-OCT-2013 07:30","5046",0.00,0.00,0.00,0.00,0.00,0.00,0.00
"20-OCT-2013 07:30","5047",0.00,0.00,0.00,0.00,0.00,0.00,0.00
"20-OCT-2013 07:30","5048",0.00,0.00,0.00,0.00,0.00,0.00,0.00
"20-OCT-2013 07:30","5049",0.00,0.00,0.00,0.00,0.00,0.00,0.00
"20-OCT-2013 07:30","505",0.00,59.67,9.63,0.00,287.38,0.00,0.00
"20-OCT-2013 07:30","5050",0.00,0.00,0.00,0.00,0.00,0.00,0.00
"20-OCT-2013 07:30","5051",0.00,0.00,0.00,0.00,0.00,0.00,0.00
"20-OCT-2013 07:30","5052",0.00,0.00,0.00,0.00,0.00,0.00,0.00
"20-OCT-2013 07:30","5053",0.00,0.00,0.00,0.00,0.00,0.00,0.00
"20-OCT-2013 07:30","5054",0.00,0.00,0.00,0.00,0.00,0.00,0.00
"20-OCT-2013 07:30","5055",0.00,0.00,0.00,0.00,0.00,0.00,0.00
"20-OCT-2013 07:30","5056",0.00,0.00,0.00,0.00,0.00,0.00,0.00
"20-OCT-2013 07:30","5057",0.00,0.00,0.00,0.00,0.00,0.00,0.00
"20-OCT-2013 07:30","5058",0.00,0.00,0.00,0.00,0.00,0.00,0.00
"20-OCT-2013 07:30","5059",0.00,0.00,0.00,0.00,0.00,0.00,0.00
"20-OCT-2013 07:30","5060",0.00,0.00,0.00,0.00,0.00,0.00,0.00
"20-OCT-2013 07:30","5061",0.00,0.00,0.00,0.00,0.00,0.00,0.00
"20-OCT-2013 07:30","5062",0.00,0.00,0.00,0.00,0.00,0.00,0.00
"20-OCT-2013 07:30","5063",0.00,0.00,0.00,0.00,0.00,0.00,0.00
"20-OCT-2013 07:30","5064",0.00,0.00,0.00,0.00,0.00,0.00,0.00
"20-OCT-2013 07:30","5065",0.00,0.00,0.00,0.00,0.00,0.00,0.00
"20-OCT-2013 07:30","5066",0.00,0.00,0.00,0.00,0.00,0.00,0.00
"20-OCT-2013 07:30","5067",0.00,0.00,0.00,0.00,0.00,0.00,0.00
"20-OCT-2013 07:30","5068",0.00,0.00,0.00,0.00,0.00,0.00,0.00
"20-OCT-2013 07:30","5069",0.00,0.00,0.00,0.00,0.00,0.00,0.00
"20-OCT-2013 07:30","507",0.00,0.00,9.67,0.00,0.00,0.00,0.00
"20-OCT-2013 07:30","5070",0.00,0.00,0.00,0.00,0.00,0.00,0.00
"20-OCT-2013 07:30","5071",0.00,0.00,0.00,0.00,0.00,0.00,0.00
"20-OCT-2013 07:30","5072",0.00,0.00,0.00,0.00,0.00,0.00,0.00
"20-OCT-2013 07:30","5073",0.00,0.00,0.00,0.00,0.00,0.00,0.00
"20-OCT-2013 07:30","5074",0.00,0.00,0.00,0.00,0.00,0.00,0.00
"20-OCT-2013 07:30","5075",0.00,0.00,0.00,0.00,0.00,0.00,0.00
"20-OCT-2013 07:30","5076",0.00,0.00,0.00,0.00,0.00,0.00,0.00
"20-OCT-2013 07:30","5077",0.00,0.00,0.00,0.00,0.00,0.00,0.00
"20-OCT-2013 07:30","5078",0.00,0.00,0.00,0.00,0.00,0.00,0.00
"20-OCT-2013 07:30","5079",0.00,0.00,0.00,0.00,0.00,0.00,0.00
"20-OCT-2013 07:30","508",0.00,0.00,9.65,0.00,0.00,0.00,0.00
"20-OCT-2013 07:30","5080",0.00,0.00,0.00,0.00,0.00,0.00,0.00
"20-OCT-2013 07:30","5081",0.00,0.00,0.00,0.00,0.00,0.00,0.00
"20-OCT-2013 07:30","5082",0.00,0.00,0.00,0.00,0.00,0.00,0.00
"20-OCT-2013 07:30","5083",0.00,0.00,0.00,0.00,0.00,0.00,0.00
"20-OCT-2013 07:30","5084",0.00,0.00,0.00,0.00,0.00,0.00,0.00
"20-OCT-2013 07:30","5085",0.00,0.00,0.00,0.00,0.00,0.00,0.00
"20-OCT-2013 07:30","5086",0.00,0.00,0.00,0.00,0.00,0.00,0.00
"20-OCT-2013 07:30","5087",0.00,0.00,0.00,0.00,0.00,0.00,0.00
"20-OCT-2013 07:30","5088",0.00,0.00,0.00,0.00,0.00,0.00,0.00
"20-OCT-2013 07:30","5089",0.00,0.00,0.00,0.00,0.00,0.00,0.00
"20-OCT-2013 07:30","509",0.00,0.00,9.65,0.00,0.00,0.00,0.00
"20-OCT-2013 07:30","5090",0.00,0.00,0.00,0.00,0.00,0.00,0.00
"20-OCT-2013 07:30","5091",0.00,0.00,0.00,0.00,0.00,0.00,0.00
"20-OCT-2013 07:30","5092",0.00,0.00,0.00,0.00,0.00,0.00,0.00
"20-OCT-2013 07:30","5093",0.00,0.00,0.00,0.00,0.00,0.00,0.00
"20-OCT-2013 07:30","5094",0.00,0.00,0.00,0.00,0.00,0.00,0.00
"20-OCT-2013 07:30","5095",0.00,0.00,0.00,0.00,0.00,0.00,0.00
"20-OCT-2013 07:30","5096",0.00,0.00,0.00,0.00,0.00,0.00,0.00
"20-OCT-2013 07:30","5097",0.00,0.00,0.00,0.00,0.00,0.00,0.00
"20-OCT-2013 07:30","5098",0.00,0.00,0.00,0.00,0.00,0.00,0.00
"20-OCT-2013 07:30","5099",0.00,0.00,0.00,0.00,0.00,0.00,0.00
"20-OCT-2013 07:30","510",0.00,0.00,9.65,0.00,0.00,0.00,0.00
"20-OCT-2013 07:30","5100",0.00,0.00,0.00,0.00,0.00,0.00,0.00
"20-OCT-2013 07:30","5101",0.00,0.00,0.00,0.00,0.00,0.00,0.00
"20-OCT-2013 07:30","5102",0.00,0.00,0.00,0.00,0.00,0.00,0.00
"20-OCT-2013 07:30","5103",0.00,0.00,0.00,0.00,0.00,0.00,0.00
"20-OCT-2013 07:30","511",0.00,0.00,9.62,0.00,0.00,0.00,0.00
"20-OCT-2013 07:30","512",0.00,0.00,9.91,0.00,0.00,0.00,0.00
"20-OCT-2013 07:30","513",0.00,0.00,9.82,0.00,0.00,0.00,0.00
"20-OCT-2013 07:30","514",0.00,4.86,9.90,0.00,24.07,0.00,0.00
"20-OCT-2013 07:30","515",0.00,0.00,9.90,0.00,0.00,0.00,0.00
"20-OCT-2013 07:30","516",0.00,1.81,9.84,0.00,8.93,0.00,0.00
"20-OCT-2013 07:30","517",0.00,1.79,9.86,0.00,8.82,0.00,0.00
"20-OCT-2013 07:30","518",0.00,0.00,9.86,0.00,0.00,0.00,0.00
"20-OCT-2013 07:30","519",0.00,0.00,9.84,0.00,0.00,0.00,0.00
"20-OCT-2013 07:30","520",0.00,3.65,9.84,0.00,17.95,0.00,0.00
"20-OCT-2013 07:30","521",0.00,3.69,9.83,0.00,18.13,0.00,0.00
"20-OCT-2013 07:30","522",0.00,6.50,9.46,0.00,30.73,0.00,0.00
"20-OCT-2013 07:30","523",0.00,3.84,9.48,0.00,18.18,0.00,0.00
"20-OCT-2013 07:30","524",0.00,0.00,9.45,0.00,0.00,0.00,0.00
"20-OCT-2013 07:30","525",0.00,0.00,9.45,0.00,0.00,0.00,0.00
"20-OCT-2013 07:30","526",0.00,0.51,9.72,0.00,2.46,0.00,0.00
"20-OCT-2013 07:30","527",0.00,20.88,9.40,0.00,98.09,0.00,0.00
"20-OCT-2013 07:30","528",0.00,28.36,9.38,0.00,133.06,0.00,0.00
"20-OCT-2013 07:30","529",0.00,8.86,9.58,0.00,42.40,0.00,0.00
"20-OCT-2013 07:30","530",0.00,0.00,9.49,0.00,0.00,0.00,0.00
"20-OCT-2013 07:30","531",0.00,0.00,9.36,0.00,0.00,0.00,0.00
"20-OCT-2013 07:30","532",0.00,0.00,9.36,0.00,0.00,0.00,0.00
"20-OCT-2013 07:30","534",0.00,25.90,9.36,0.00,121.20,0.00,0.00
"20-OCT-2013 07:30","535",0.00,69.38,9.36,0.00,324.64,0.00,0.00
"20-OCT-2013 07:30","536",0.00,0.00,9.36,0.00,0.00,0.00,0.00
"20-OCT-2013 07:30","537",0.00,0.00,9.36,0.00,0.00,0.00,0.00
"20-OCT-2013 07:30","538",0.00,0.00,9.36,0.00,0.00,0.00,0.00
"20-OCT-2013 07:30","539",0.00,0.00,9.35,0.00,0.00,0.00,0.00
"20-OCT-2013 07:30","540",0.00,10.72,9.58,0.00,51.38,0.00,0.00
"20-OCT-2013 07:30","541",0.00,0.00,9.57,0.00,0.00,0.00,0.00
"20-OCT-2013 07:30","542",0.00,20.58,9.54,0.00,98.10,0.00,0.00
"20-OCT-2013 07:30","543",0.00,0.00,9.52,0.00,0.00,0.00,0.00
"20-OCT-2013 07:30","544",0.00,21.19,9.44,0.00,100.05,0.00,0.00
"20-OCT-2013 07:30","545",0.00,3.90,9.43,0.00,18.36,0.00,0.00
"20-OCT-2013 07:30","546",0.00,3.21,9.42,0.00,15.12,0.00,0.00
"20-OCT-2013 07:30","547",0.00,2.39,9.40,0.00,11.24,0.00,0.00
"20-OCT-2013 07:30","548",0.00,0.00,9.40,0.00,0.00,0.00,0.00
"20-OCT-2013 07:30","549",0.00,0.00,9.40,0.00,0.00,0.00,0.00
"20-OCT-2013 07:30","550",0.00,0.00,9.37,0.00,0.00,0.00,0.00
"20-OCT-2013 07:30","551",0.00,0.00,9.37,0.00,0.00,0.00,0.00
"20-OCT-2013 07:30","552",0.00,4.68,9.37,0.00,21.95,0.00,0.00
"20-OCT-2013 07:30","553",0.00,3.60,9.37,0.00,16.87,0.00,0.00
"20-OCT-2013 07:30","554",0.00,-4.62,9.03,0.00,-20.85,0.00,0.00
"20-OCT-2013 07:30","555",0.00,0.00,9.20,0.00,0.00,0.00,0.00
"20-OCT-2013 07:30","556",0.00,16.38,9.27,0.00,75.89,0.00,0.00
"20-OCT-2013 07:30","557",0.00,24.28,9.26,0.00,112.42,0.00,0.00
"20-OCT-2013 07:30","558",0.00,0.00,9.25,0.00,0.00,0.00,0.00
"20-OCT-2013 07:30","559",0.00,0.00,9.33,0.00,0.00,0.00,0.00
"20-OCT-2013 07:30","560",0.00,12.01,9.35,0.00,56.16,0.00,0.00
"20-OCT-2013 07:30","561",0.00,0.00,9.33,0.00,0.00,0.00,0.00
"20-OCT-2013 07:30","563",0.00,40.32,9.34,0.00,188.21,0.00,0.00
"20-OCT-2013 07:30","564",0.00,0.00,9.33,0.00,0.00,0.00,0.00
"20-OCT-2013 07:30","565",0.00,0.00,9.33,0.00,0.00,0.00,0.00
"20-OCT-2013 07:30","566",0.00,0.00,9.33,0.00,0.00,0.00,0.00
"20-OCT-2013 07:30","567",0.00,0.00,9.33,0.00,0.00,0.00,0.00
"20-OCT-2013 07:30","568",0.00,0.00,9.18,0.00,0.00,0.00,0.00
"20-OCT-2013 07:30","569",0.00,0.00,9.18,0.00,0.00,0.00,0.00
"20-OCT-2013 07:30","570",0.00,27.93,9.35,0.00,130.55,0.00,0.00
"20-OCT-2013 07:30","571",0.00,0.00,9.28,0.00,0.00,0.00,0.00
"20-OCT-2013 07:30","572",0.00,0.00,9.21,0.00,0.00,0.00,0.00
"20-OCT-2013 07:30","573",0.00,0.00,9.21,0.00,0.00,0.00,0.00
"20-OCT-2013 07:30","574",11.60,0.00,9.10,52.76,0.00,0.00,0.00
"20-OCT-2013 07:30","575",0.00,1.92,9.10,0.00,8.72,0.00,0.00
"20-OCT-2013 07:30","576",0.00,0.00,9.11,0.00,0.00,0.00,0.00
"20-OCT-2013 07:30","577",0.00,33.69,9.36,0.00,157.66,0.00,0.00
"20-OCT-2013 07:30","578",0.00,0.00,9.35,0.00,0.00,0.00,0.00
"20-OCT-2013 07:30","579",0.00,0.00,9.34,0.00,0.00,0.00,0.00
"20-OCT-2013 07:30","580",15.00,0.00,9.26,69.45,0.00,0.00,0.00
"20-OCT-2013 07:30","581",0.00,0.00,9.26,0.00,0.00,0.00,0.00
"20-OCT-2013 07:30","582",0.00,0.15,8.91,0.00,0.69,0.00,0.00
"20-OCT-2013 07:30","583",0.00,0.00,8.90,0.00,0.00,0.00,0.00
"20-OCT-2013 07:30","584",0.00,0.22,8.77,0.00,0.97,0.00,0.00
"20-OCT-2013 07:30","585",0.00,0.00,8.77,0.00,0.00,0.00,0.00
"20-OCT-2013 07:30","586",21.55,0.00,8.68,93.49,0.00,0.00,0.00
"20-OCT-2013 07:30","587",0.00,0.13,8.68,0.00,0.57,0.00,0.00
"20-OCT-2013 07:30","588",0.00,0.00,8.68,0.00,0.00,0.00,0.00
"20-OCT-2013 07:30","591",0.00,1.52,9.66,0.00,7.36,0.00,0.00
"20-OCT-2013 07:30","592",0.00,0.00,9.64,0.00,0.00,0.00,0.00
"20-OCT-2013 07:30","593",0.00,0.00,9.65,0.00,0.00,0.00,0.00
"20-OCT-2013 07:30","594",0.00,0.00,9.65,0.00,0.00,0.00,0.00
"20-OCT-2013 07:30","595",0.00,0.00,9.65,0.00,0.00,0.00,0.00
"20-OCT-2013 07:30","596",0.00,0.00,9.64,0.00,0.00,0.00,0.00
"20-OCT-2013 07:30","597",0.00,4.84,9.61,0.00,23.27,0.00,0.00
"20-OCT-2013 07:30","598",0.00,0.00,9.61,0.00,0.00,0.00,0.00
"20-OCT-2013 07:30","599",0.00,4.04,9.12,0.00,18.40,0.00,0.00
"20-OCT-2013 07:30","600",0.00,0.00,9.12,0.00,0.00,0.00,0.00
"20-OCT-2013 07:30","601",0.00,0.00,9.12,0.00,0.00,0.00,0.00
"20-OCT-2013 07:30","602",0.00,6.56,9.45,0.00,30.99,0.00,0.00
"20-OCT-2013 07:30","603",0.00,7.85,9.43,0.00,36.99,0.00,0.00
"20-OCT-2013 07:30","604",0.00,0.00,9.52,0.00,0.00,0.00,0.00
"20-OCT-2013 07:30","605",0.00,0.00,9.52,0.00,0.00,0.00,0.00
"20-OCT-2013 07:30","606",0.00,11.73,9.53,0.00,55.88,0.00,0.00
"20-OCT-2013 07:30","607",0.00,0.00,9.53,0.00,0.00,0.00,0.00
"20-OCT-2013 07:30","608",3.50,-1.15,9.19,16.08,-5.26,0.00,0.00
"20-OCT-2013 07:30","609",0.00,0.00,9.19,0.00,0.00,0.00,0.00
"20-OCT-2013 07:30","610",0.00,0.11,8.96,0.00,0.48,0.00,0.00
"20-OCT-2013 07:30","611",0.00,0.00,8.95,0.00,0.00,0.00,0.00
"20-OCT-2013 07:30","612",24.06,0.00,9.04,108.82,0.00,0.00,0.00
"20-OCT-2013 07:30","613",24.06,0.00,9.04,108.82,0.00,0.00,0.00
"20-OCT-2013 07:30","614",24.06,0.00,9.04,108.82,0.00,0.00,0.00
"20-OCT-2013 07:30","615",24.06,0.00,9.04,108.82,0.00,0.00,0.00
"20-OCT-2013 07:30","616",0.00,0.00,9.04,0.00,0.00,0.00,0.00
"20-OCT-2013 07:30","617",0.00,0.00,9.06,0.00,0.00,0.00,0.00
"20-OCT-2013 07:30","618",0.00,0.00,9.06,0.00,0.00,0.00,0.00
"20-OCT-2013 07:30","619",39.77,0.00,9.06,180.18,0.00,0.00,0.00
"20-OCT-2013 07:30","620",39.77,0.00,9.06,180.18,0.00,0.00,0.00
"20-OCT-2013 07:30","621",39.77,0.00,9.06,180.18,0.00,0.00,0.00
"20-OCT-2013 07:30","622",39.77,0.00,9.06,180.18,0.00,0.00,0.00
"20-OCT-2013 07:30","623",39.77,0.00,9.06,180.18,0.00,0.00,0.00
"20-OCT-2013 07:30","624",39.77,0.00,9.06,180.18,0.00,0.00,0.00
"20-OCT-2013 07:30","625",0.00,0.00,9.06,0.00,0.00,0.00,0.00
"20-OCT-2013 07:30","626",0.00,0.00,9.06,0.00,0.00,0.00,0.00
"20-OCT-2013 07:30","627",0.00,0.00,9.06,0.00,0.00,0.00,0.00
"20-OCT-2013 07:30","628",0.00,0.00,9.06,0.00,0.00,0.00,0.00
"20-OCT-2013 07:30","629",0.00,0.00,9.06,0.00,0.00,0.00,0.00
"20-OCT-2013 07:30","630",0.00,0.00,9.06,0.00,0.00,0.00,0.00
"20-OCT-2013 07:30","631",0.00,7.29,9.01,0.00,32.82,0.00,0.00
"20-OCT-2013 07:30","632",0.00,0.00,9.00,0.00,0.00,0.00,0.00
"20-OCT-2013 07:30","633",0.00,0.00,9.00,0.00,0.00,0.00,0.00
"20-OCT-2013 07:30","634",0.00,0.00,9.01,0.00,0.00,0.00,0.00
"20-OCT-2013 07:30","635",0.00,0.00,9.01,0.00,0.00,0.00,0.00
"20-OCT-2013 07:30","636",0.00,0.00,9.01,0.00,0.00,0.00,0.00
"20-OCT-2013 07:30","637",0.00,0.00,9.00,0.00,0.00,0.00,0.00
"20-OCT-2013 07:30","638",0.00,0.00,9.00,0.00,0.00,0.00,0.00
"20-OCT-2013 07:30","639",0.00,18.29,9.11,0.00,83.32,0.00,0.00
"20-OCT-2013 07:30","640",0.00,0.00,9.10,0.00,0.00,0.00,0.00
"20-OCT-2013 07:30","641",0.00,0.00,9.09,0.00,0.00,0.00,0.00
"20-OCT-2013 07:30","642",0.00,0.00,9.32,0.00,0.00,0.00,0.00
"20-OCT-2013 07:30","643",0.00,0.00,9.11,0.00,0.00,0.00,0.00
"20-OCT-2013 07:30","644",0.00,23.64,9.09,0.00,107.47,0.00,0.00
"20-OCT-2013 07:30","645",0.00,0.00,9.08,0.00,0.00,0.00,0.00
"20-OCT-2013 07:30","646",0.00,17.17,9.35,0.00,80.29,0.00,0.00
"20-OCT-2013 07:30","647",0.00,0.00,9.38,0.00,0.00,0.00,0.00
"20-OCT-2013 07:30","648",28.57,0.00,9.08,129.66,0.00,0.00,0.00
"20-OCT-2013 07:30","649",28.57,0.00,9.08,129.66,0.00,0.00,0.00
"20-OCT-2013 07:30","650",28.57,0.00,9.08,129.66,0.00,0.00,0.00
"20-OCT-2013 07:30","651",28.57,0.00,9.08,129.66,0.00,0.00,0.00
"20-OCT-2013 07:30","652",0.00,0.00,9.08,0.00,0.00,0.00,0.00
"20-OCT-2013 07:30","653",23.23,0.00,9.08,105.46,0.00,0.00,0.00
"20-OCT-2013 07:30","654",23.23,0.00,9.08,105.46,0.00,0.00,0.00
"20-OCT-2013 07:30","655",23.23,0.00,9.08,105.46,0.00,0.00,0.00
"20-OCT-2013 07:30","656",23.23,0.00,9.08,105.46,0.00,0.00,0.00
"20-OCT-2013 07:30","657",0.00,0.00,9.08,0.00,0.00,0.00,0.00
"20-OCT-2013 07:30","658",23.23,0.00,9.06,105.25,0.00,0.00,0.00
"20-OCT-2013 07:30","659",23.23,0.00,9.06,105.25,0.00,0.00,0.00
"20-OCT-2013 07:30","660",23.23,0.00,9.06,105.25,0.00,0.00,0.00
"20-OCT-2013 07:30","661",23.23,0.00,9.06,105.25,0.00,0.00,0.00
"20-OCT-2013 07:30","662",0.00,0.00,9.06,0.00,0.00,0.00,0.00
"20-OCT-2013 07:30","663",0.00,6.20,9.34,0.00,28.97,0.00,0.00
"20-OCT-2013 07:30","664",0.00,0.00,9.32,0.00,0.00,0.00,0.00
"20-OCT-2013 07:30","665",34.20,0.00,9.11,155.81,0.00,0.00,0.00
"20-OCT-2013 07:30","666",34.20,0.00,9.11,155.81,0.00,0.00,0.00
"20-OCT-2013 07:30","667",0.00,0.00,9.11,0.00,0.00,0.00,0.00
"20-OCT-2013 07:30","668",0.00,2.80,9.09,0.00,12.72,0.00,0.00
"20-OCT-2013 07:30","669",0.00,0.00,9.08,0.00,0.00,0.00,0.00
"20-OCT-2013 07:30","670",50.00,0.00,9.02,225.40,0.00,0.00,0.00
"20-OCT-2013 07:30","673",0.00,1.04,9.04,0.00,4.71,0.00,0.00
"20-OCT-2013 07:30","674",0.00,0.00,9.01,0.00,0.00,0.00,0.00
"20-OCT-2013 07:30","675",0.00,0.00,9.06,0.00,0.00,0.00,0.00
"20-OCT-2013 07:30","676",0.00,0.00,9.02,0.00,0.00,0.00,0.00
"20-OCT-2013 07:30","677",0.00,0.00,9.06,0.00,0.00,0.00,0.00
"20-OCT-2013 07:30","678",0.00,0.00,9.05,0.00,0.00,0.00,0.00
"20-OCT-2013 07:30","679",11.50,0.00,9.09,52.27,0.00,0.00,0.00
"20-OCT-2013 07:30","680",0.00,0.00,9.09,0.00,0.00,0.00,0.00
"20-OCT-2013 07:30","681",0.00,0.18,9.16,0.00,0.82,0.00,0.00
"20-OCT-2013 07:30","682",0.00,0.00,9.16,0.00,0.00,0.00,0.00
"20-OCT-2013 07:30","683",0.00,2.60,9.33,0.00,12.13,0.00,0.00
"20-OCT-2013 07:30","684",0.00,11.51,9.30,0.00,53.53,0.00,0.00
"20-OCT-2013 07:30","685",0.00,0.00,9.28,0.00,0.00,0.00,0.00
"20-OCT-2013 07:30","686",0.00,0.00,9.30,0.00,0.00,0.00,0.00
"20-OCT-2013 07:30","687",0.00,6.78,9.58,0.00,32.47,0.00,0.00
"20-OCT-2013 07:30","688",0.00,0.00,9.56,0.00,0.00,0.00,0.00
"20-OCT-2013 07:30","689",0.00,0.04,9.17,0.00,0.19,0.00,0.00
"20-OCT-2013 07:30","690",41.25,0.00,8.98,185.23,0.00,0.00,0.00
"20-OCT-2013 07:30","691",41.25,0.00,8.98,185.23,0.00,0.00,0.00
"20-OCT-2013 07:30","692",41.25,0.00,8.98,185.23,0.00,0.00,0.00
"20-OCT-2013 07:30","693",41.25,0.00,8.98,185.23,0.00,0.00,0.00
"20-OCT-2013 07:30","694",0.00,-4.84,8.98,0.00,-21.71,0.00,0.00
"20-OCT-2013 07:30","695",0.00,0.00,8.98,0.00,0.00,0.00,0.00
"20-OCT-2013 07:30","696",0.00,25.45,9.59,0.00,121.99,0.00,0.00
"20-OCT-2013 07:30","697",0.00,0.00,9.54,0.00,0.00,0.00,0.00
"20-OCT-2013 07:30","698",0.00,17.05,9.48,0.00,80.76,0.00,0.00
"20-OCT-2013 07:30","699",0.00,0.00,9.46,0.00,0.00,0.00,0.00
"20-OCT-2013 07:30","703",0.00,30.24,9.09,0.00,137.40,0.00,0.00
"20-OCT-2013 07:30","704",0.00,0.00,9.10,0.00,0.00,0.00,0.00
"20-OCT-2013 07:30","705",0.00,0.00,9.10,0.00,0.00,0.00,0.00
"20-OCT-2013 07:30","706",0.00,0.00,9.09,0.00,0.00,0.00,0.00
"20-OCT-2013 07:30","707",0.00,0.00,9.10,0.00,0.00,0.00,0.00
"20-OCT-2013 07:30","708",0.00,0.00,9.08,0.00,0.00,0.00,0.00
"20-OCT-2013 07:30","710",0.00,38.46,9.24,0.00,177.79,0.00,0.00
"20-OCT-2013 07:30","711",0.00,0.00,9.28,0.00,0.00,0.00,0.00
"20-OCT-2013 07:30","712",0.00,0.00,9.34,0.00,0.00,0.00,0.00
"20-OCT-2013 07:30","713",0.00,0.00,9.24,0.00,0.00,0.00,0.00
"20-OCT-2013 07:30","714",0.00,1.03,8.83,0.00,4.54,0.00,0.00
"20-OCT-2013 07:30","715",54.29,0.00,8.83,239.74,0.00,0.00,0.00
"20-OCT-2013 07:30","716",54.29,0.00,8.83,239.74,0.00,0.00,0.00
"20-OCT-2013 07:30","717",54.29,0.00,8.83,239.74,0.00,0.00,0.00
"20-OCT-2013 07:30","718",54.29,0.00,8.83,239.74,0.00,0.00,0.00
"20-OCT-2013 07:30","719",54.29,0.00,8.83,239.74,0.00,0.00,0.00
"20-OCT-2013 07:30","720",54.29,0.00,8.83,239.74,0.00,0.00,0.00
"20-OCT-2013 07:30","721",54.29,0.00,8.83,239.74,0.00,0.00,0.00
"20-OCT-2013 07:30","722",0.00,0.00,8.83,0.00,0.00,0.00,0.00
"20-OCT-2013 07:30","723",0.00,-13.98,9.23,0.00,-64.52,0.00,0.00
"20-OCT-2013 07:30","724",0.00,0.00,9.25,0.00,0.00,0.00,0.00
"20-OCT-2013 07:30","725",0.00,4.40,9.26,0.00,20.40,0.00,0.00
"20-OCT-2013 07:30","726",0.00,0.00,9.18,0.00,0.00,0.00,0.00
"20-OCT-2013 07:30","727",32.80,0.00,9.02,147.88,0.00,0.00,0.00
"20-OCT-2013 07:30","729",32.80,0.00,9.02,147.88,0.00,0.00,0.00
"20-OCT-2013 07:30","730",32.80,0.00,9.02,147.88,0.00,0.00,0.00
"20-OCT-2013 07:30","731",32.80,0.00,9.02,147.88,0.00,0.00,0.00
"20-OCT-2013 07:30","732",32.80,0.00,9.02,147.88,0.00,0.00,0.00
"20-OCT-2013 07:30","733",33.33,0.00,8.90,148.29,0.00,0.00,0.00
"20-OCT-2013 07:30","734",33.33,0.00,8.90,148.29,0.00,0.00,0.00
"20-OCT-2013 07:30","735",33.33,0.00,8.90,148.29,0.00,0.00,0.00
"20-OCT-2013 07:30","736",0.00,0.00,8.89,0.00,0.00,0.00,0.00
"20-OCT-2013 07:30","737",0.00,0.00,8.90,0.00,0.00,0.00,0.00
"20-OCT-2013 07:30","738",0.00,0.00,9.02,0.00,0.00,0.00,0.00
"20-OCT-2013 07:30","739",0.00,24.25,9.09,0.00,110.25,0.00,0.00
"20-OCT-2013 07:30","740",0.00,0.00,9.09,0.00,0.00,0.00,0.00
"20-OCT-2013 07:30","741",0.00,0.00,9.07,0.00,0.00,0.00,0.00
"20-OCT-2013 07:30","742",0.00,572.99,9.30,0.00,2665.40,0.00,0.00
"20-OCT-2013 07:30","743",0.00,0.00,9.09,0.00,0.00,0.00,0.00
"20-OCT-2013 07:30","744",0.00,0.00,9.17,0.00,0.00,0.00,0.00
"20-OCT-2013 07:30","745",0.00,0.00,9.23,0.00,0.00,0.00,0.00
"20-OCT-2013 07:30","746",0.00,0.00,9.23,0.00,0.00,0.00,0.00
"20-OCT-2013 07:30","747",0.00,0.00,9.09,0.00,0.00,0.00,0.00
"20-OCT-2013 07:30","748",0.00,0.00,10.47,0.00,0.00,0.00,0.00
"20-OCT-2013 07:30","749",0.00,0.00,10.39,0.00,0.00,0.00,0.00
"20-OCT-2013 07:30","750",0.00,0.52,10.38,0.00,2.70,0.00,0.00
"20-OCT-2013 07:30","751",0.00,48.18,10.39,0.00,250.35,0.00,0.00
"20-OCT-2013 07:30","752",0.00,0.00,10.41,0.00,0.00,0.00,0.00
"20-OCT-2013 07:30","753",0.00,0.00,9.80,0.00,0.00,0.00,0.00
"20-OCT-2013 07:30","754",0.00,14.16,10.26,0.00,72.61,0.00,0.00
"20-OCT-2013 07:30","755",0.00,0.00,10.74,0.00,0.00,0.00,0.00
"20-OCT-2013 07:30","756",0.00,0.00,9.85,0.00,0.00,0.00,0.00
"20-OCT-2013 07:30","757",0.00,0.00,10.16,0.00,0.00,0.00,0.00
"20-OCT-2013 07:30","758",33.00,0.00,9.70,160.01,0.00,0.00,0.00
"20-OCT-2013 07:30","759",0.00,0.00,9.89,0.00,0.00,0.00,0.00
"20-OCT-2013 07:30","760",0.00,19.76,9.93,0.00,98.16,0.00,0.00
"20-OCT-2013 07:30","761",0.00,0.00,9.96,0.00,0.00,0.00,0.00
"20-OCT-2013 07:30","762",0.00,0.00,9.63,0.00,0.00,0.00,0.00
"20-OCT-2013 07:30","763",0.00,0.00,9.74,0.00,0.00,0.00,0.00
"20-OCT-2013 07:30","764",0.00,0.00,9.58,0.00,0.00,0.00,0.00
"20-OCT-2013 07:30","765",0.00,0.00,9.54,0.00,0.00,0.00,0.00
"20-OCT-2013 07:30","766",0.00,0.00,9.82,0.00,0.00,0.00,0.00
"20-OCT-2013 07:30","767",0.00,0.00,9.80,0.00,0.00,0.00,0.00
"20-OCT-2013 07:30","768",0.00,0.00,9.87,0.00,0.00,0.00,0.00
"20-OCT-2013 07:30","769",17.45,0.00,8.68,75.68,0.00,0.00,0.00
"20-OCT-2013 07:30","770",0.00,0.00,9.53,0.00,0.00,0.00,0.00
"20-OCT-2013 07:30","771",0.00,0.00,9.30,0.00,0.00,0.00,0.00
"20-OCT-2013 07:30","772",0.00,15.00,9.11,0.00,68.31,0.00,0.00
"20-OCT-2013 07:30","773",0.00,0.00,10.72,0.00,0.00,0.00,0.00
"20-OCT-2013 07:30","774",0.00,0.00,10.72,0.00,0.00,0.00,0.00
"20-OCT-2013 07:30","775",0.00,0.00,10.41,0.00,0.00,0.00,0.00
"20-OCT-2013 07:30","776",0.00,0.00,10.47,0.00,0.00,0.00,0.00
"20-OCT-2013 07:30","777",0.00,0.00,10.48,0.00,0.00,0.00,0.00
"20-OCT-2013 07:30","778",0.00,0.00,10.48,0.00,0.00,0.00,0.00
"20-OCT-2013 07:30","779",0.00,0.00,10.41,0.00,0.00,0.00,0.00
"20-OCT-2013 07:30","782",0.00,0.00,10.39,0.00,0.00,0.00,0.00
"20-OCT-2013 07:30","784",0.00,0.00,10.39,0.00,0.00,0.00,0.00
"20-OCT-2013 07:30","785",0.00,0.00,10.41,0.00,0.00,0.00,0.00
"20-OCT-2013 07:30","786",0.00,0.00,10.35,0.00,0.00,0.00,0.00
"20-OCT-2013 07:30","787",0.00,0.00,10.54,0.00,0.00,0.00,0.00
"20-OCT-2013 07:30","788",0.00,0.00,10.17,0.00,0.00,0.00,0.00
"20-OCT-2013 07:30","789",0.00,0.00,9.96,0.00,0.00,0.00,0.00
"20-OCT-2013 07:30","790",0.00,0.00,9.96,0.00,0.00,0.00,0.00
"20-OCT-2013 07:30","791",0.00,0.00,10.43,0.00,0.00,0.00,0.00
"20-OCT-2013 07:30","792",0.00,0.00,10.43,0.00,0.00,0.00,0.00
"20-OCT-2013 07:30","793",0.00,0.00,9.76,0.00,0.00,0.00,0.00
"20-OCT-2013 07:30","794",0.00,0.00,9.76,0.00,0.00,0.00,0.00
"20-OCT-2013 07:30","795",0.00,0.00,9.76,0.00,0.00,0.00,0.00
"20-OCT-2013 07:30","796",0.00,0.00,9.74,0.00,0.00,0.00,0.00
"20-OCT-2013 07:30","797",0.00,0.00,9.63,0.00,0.00,0.00,0.00
"20-OCT-2013 07:30","798",0.00,0.00,9.63,0.00,0.00,0.00,0.00
"20-OCT-2013 07:30","799",0.00,0.00,9.54,0.00,0.00,0.00,0.00
"20-OCT-2013 07:30","800",0.00,0.00,9.57,0.00,0.00,0.00,0.00
"20-OCT-2013 07:30","801",0.00,0.00,9.65,0.00,0.00,0.00,0.00
"20-OCT-2013 07:30","802",0.00,0.00,9.40,0.00,0.00,0.00,0.00
"20-OCT-2013 07:30","803",0.00,0.00,9.37,0.00,0.00,0.00,0.00
"20-OCT-2013 07:30","804",0.00,0.00,9.36,0.00,0.00,0.00,0.00
"20-OCT-2013 07:30","805",0.00,0.00,9.35,0.00,0.00,0.00,0.00
"20-OCT-2013 07:30","806",0.00,0.00,9.33,0.00,0.00,0.00,0.00
"20-OCT-2013 07:30","807",0.00,0.00,9.65,0.00,0.00,0.00,0.00
"20-OCT-2013 07:30","808",0.00,0.00,9.65,0.00,0.00,0.00,0.00
"20-OCT-2013 07:30","809",0.00,0.00,9.01,0.00,0.00,0.00,0.00
"20-OCT-2013 07:30","810",0.00,0.00,9.06,0.00,0.00,0.00,0.00
"20-OCT-2013 07:30","811",0.00,0.00,9.10,0.00,0.00,0.00,0.00
"20-OCT-2013 07:30","812",0.00,0.00,9.10,0.00,0.00,0.00,0.00
"20-OCT-2013 07:30","813",0.00,0.00,9.09,0.00,0.00,0.00,0.00
"20-OCT-2013 07:30","814",0.00,0.00,9.10,0.00,0.00,0.00,0.00
"20-OCT-2013 07:30","815",0.00,0.00,9.28,0.00,0.00,0.00,0.00
"20-OCT-2013 07:30","816",0.00,0.00,8.89,0.00,0.00,0.00,0.00
