"DateTime","Node","Generation (MW)","Load (MW)","Price ($/MWh)","Revenue ($)","Cost ($)","Deficit(MW)","Surplus(MW)"
"20-OCT-2013 07:30","ARA2201 ARA0",27.00000,0.00000,9.75657,131.71371,0.00000,0.00000,0.00000
"20-OCT-2013 07:30","ARG1101 BRR0",11.00000,0.00000,9.64266,53.03463,0.00000,0.00000,0.00000
"20-OCT-2013 07:30","ARI1101 ARI0",46.00000,0.00000,9.79833,225.36170,0.00000,0.00000,0.00000
"20-OCT-2013 07:30","ARI1102 ARI0",21.00000,0.00000,10.27893,107.92872,0.00000,0.00000,0.00000
"20-OCT-2013 07:30","ASB0661 HBK0",15.00000,0.00000,9.26008,69.45063,0.00000,0.00000,0.00000
"20-OCT-2013 07:30","ATI2201 ATI0",15.01309,0.00000,10.00000,75.06547,0.00000,0.00000,0.00000
"20-OCT-2013 07:30","AVI2201 AVI0",96.25300,0.00000,9.04434,435.27231,0.00000,0.00000,0.00000
"20-OCT-2013 07:30","BEN2202 BEN0",238.62600,0.00000,9.06099,1081.09425,0.00000,0.00000,0.00000
"20-OCT-2013 07:30","BOB1101",0.00000,23.47000,10.50957,0.00000,123.32976,0.00000,0.00000
"20-OCT-2013 07:30","BPE0331 TWF0",0.00000,0.00000,9.78796,0.00000,0.00000,0.00000,0.00000
"20-OCT-2013 07:30","BWK1101 WPI0",0.00000,0.00000,9.17097,0.00000,0.00000,0.00000,0.00000
"20-OCT-2013 07:30","COB0661 COB0",0.00000,0.00000,9.90618,0.00000,0.00000,0.00000,0.00000
"20-OCT-2013 07:30","COL0661 COL0",39.00000,0.00000,8.67568,169.17577,0.00000,0.00000,0.00000
"20-OCT-2013 07:30","CPK0331",0.00000,61.72900,9.64862,0.00000,297.79985,0.00000,0.00000
"20-OCT-2013 07:30","CYD2201 CYD0",165.00000,0.00000,8.98085,740.92023,0.00000,0.00000,0.00000
"20-OCT-2013 07:30","GLN0332 GLN0",37.00000,0.00000,10.39200,192.25204,0.00000,0.00000,0.00000
"20-OCT-2013 07:30","HAM0331",0.00000,56.85000,10.34832,0.00000,294.15109,0.00000,0.00000
"20-OCT-2013 07:30","HIN0331",0.00000,32.95700,10.85765,0.00000,178.91775,0.00000,0.00000
"20-OCT-2013 07:30","HLY2201 HLY1",0.00000,0.00000,10.28264,0.00000,0.00000,0.00000,0.00000
"20-OCT-2013 07:30","HLY2201 HLY2",0.00000,0.00000,10.28264,0.00000,0.00000,0.00000,0.00000
"20-OCT-2013 07:30","HLY2201 HLY3",0.00000,0.00000,10.28264,0.00000,0.00000,0.00000,0.00000
"20-OCT-2013 07:30","HLY2201 HLY4",0.00000,0.00000,10.28264,0.00000,0.00000,0.00000,0.00000
"20-OCT-2013 07:30","HLY2201 HLY5",290.00000,0.00000,10.28264,1490.98241,0.00000,0.00000,0.00000
"20-OCT-2013 07:30","HLY2201 HLY6",0.00000,0.00000,10.28264,0.00000,0.00000,0.00000,0.00000
"20-OCT-2013 07:30","HWA1101 PTA1",10.50000,0.00000,9.92171,52.08895,0.00000,0.00000,0.00000
"20-OCT-2013 07:30","HWA1101 PTA2",10.50000,0.00000,9.92171,52.08895,0.00000,0.00000,0.00000
"20-OCT-2013 07:30","HWA1101 PTA3",0.00000,0.00000,9.92171,0.00000,0.00000,0.00000,0.00000
"20-OCT-2013 07:30","HWA1102 WAA0",7.00000,0.00000,9.92171,34.72597,0.00000,0.00000,0.00000
"20-OCT-2013 07:30","HWA1102 WAA1",7.00000,0.00000,9.92171,34.72597,0.00000,0.00000,0.00000
"20-OCT-2013 07:30","HWB0331 MAH0",0.00000,0.00000,9.08697,0.00000,0.00000,0.00000,0.00000
"20-OCT-2013 07:30","HWB0331 WPI0",0.00000,0.00000,9.08697,0.00000,0.00000,0.00000,0.00000
"20-OCT-2013 07:30","KAW0111",0.00000,7.43000,9.89846,0.00000,36.77277,0.00000,0.00000
"20-OCT-2013 07:30","KAW0112",0.00000,10.33900,9.86876,0.00000,51.01657,0.00000,0.00000
"20-OCT-2013 07:30","KAW0112 ONU0",20.00000,0.00000,9.86876,98.68762,0.00000,0.00000,0.00000
"20-OCT-2013 07:30","KAW0113",0.00000,38.75500,9.94017,0.00000,192.61573,0.00000,0.00000
"20-OCT-2013 07:30","KAW1101 KAG0",101.00000,0.00000,9.88104,498.99246,0.00000,0.00000,0.00000
"20-OCT-2013 07:30","KEN0331",0.00000,32.39300,10.87603,0.00000,176.15357,0.00000,0.00000
"20-OCT-2013 07:30","KIN0112 KIN0",35.00000,0.00000,10.15569,177.72465,0.00000,0.00000,0.00000
"20-OCT-2013 07:30","KIN0331",0.00000,9.89900,10.18945,0.00000,50.43267,0.00000,0.00000
"20-OCT-2013 07:30","KPA1101 KPI1",18.00000,0.00000,9.89944,89.09494,0.00000,0.00000,0.00000
"20-OCT-2013 07:30","KPO1101 KPO0",46.00000,0.00000,10.56816,243.06759,0.00000,0.00000,0.00000
"20-OCT-2013 07:30","KPU0661",0.00000,24.92500,10.75172,0.00000,133.99336,0.00000,0.00000
"20-OCT-2013 07:30","KUM0661 KUM0",3.50000,0.00000,9.18690,16.07708,0.00000,0.00000,0.00000
"20-OCT-2013 07:30","LTN0331 TWF0",0.00000,0.00000,9.75739,0.00000,0.00000,0.00000,0.00000
"20-OCT-2013 07:30","MAN2201 MAN0",380.00000,0.00000,8.83245,1678.16481,0.00000,0.00000,0.00000
"20-OCT-2013 07:30","MAT1101 ANI0",16.50000,0.00000,9.85008,81.26314,0.00000,0.00000,0.00000
"20-OCT-2013 07:30","MAT1101 MAT0",0.00000,0.00000,9.85008,0.00000,0.00000,0.00000,0.00000
"20-OCT-2013 07:30","MAT1102 MAT0",22.00000,0.00000,9.70603,106.76634,0.00000,0.00000,0.00000
"20-OCT-2013 07:30","MHO0331 MHO0",0.00000,0.00000,9.86217,0.00000,0.00000,0.00000,0.00000
"20-OCT-2013 07:30","MKE1101 MKE1",0.00000,0.00000,10.05951,0.00000,0.00000,0.00000,0.00000
"20-OCT-2013 07:30","MTI2201 MTI0",83.00000,0.00000,10.15010,421.22911,0.00000,0.00000,0.00000
"20-OCT-2013 07:30","MTM0331",0.00000,24.24000,10.15049,0.00000,123.02388,0.00000,0.00000
"20-OCT-2013 07:30","NAP2201 NAP0",0.00000,0.00000,9.74884,0.00000,0.00000,0.00000,0.00000
"20-OCT-2013 07:30","NAP2202 NTM0",81.00000,0.00000,9.74884,394.82804,0.00000,0.00000,0.00000
"20-OCT-2013 07:30","NMA0331 WHL0",0.00000,0.00000,9.23077,0.00000,0.00000,0.00000,0.00000
"20-OCT-2013 07:30","NSY0331 PAE0",11.50000,0.00000,9.09128,52.27487,0.00000,0.00000,0.00000
"20-OCT-2013 07:30","OHA2201 OHA0",114.29900,0.00000,9.07505,518.63484,0.00000,0.00000,0.00000
"20-OCT-2013 07:30","OHB2201 OHB0",92.91100,0.00000,9.08059,421.84354,0.00000,0.00000,0.00000
"20-OCT-2013 07:30","OHC2201 OHC0",92.91100,0.00000,9.06269,421.01184,0.00000,0.00000,0.00000
"20-OCT-2013 07:30","OHK2201 OHK0",0.00000,0.00000,9.95672,0.00000,0.00000,0.00000,0.00000
"20-OCT-2013 07:30","OKI2201 OKI0",38.00000,0.00000,9.72687,184.81056,0.00000,0.00000,0.00000
"20-OCT-2013 07:30","OTA1101 OTG0",0.00000,0.00000,10.39078,0.00000,0.00000,0.00000,0.00000
"20-OCT-2013 07:30","OTA2202 OTC0",219.00000,0.00000,10.38191,1136.81950,0.00000,0.00000,0.00000
"20-OCT-2013 07:30","PEN0331",0.00000,112.12800,10.41567,0.00000,583.94428,0.00000,0.00000
"20-OCT-2013 07:30","PPI2201 PPI0",51.00000,0.00000,10.10942,257.79032,0.00000,0.00000,0.00000
"20-OCT-2013 07:30","PRM0331",0.00000,25.70200,9.76466,0.00000,125.48569,0.00000,0.00000
"20-OCT-2013 07:30","ROT0111",0.00000,12.02900,10.18006,0.00000,61.22799,0.00000,0.00000
"20-OCT-2013 07:30","ROT0331",0.00000,26.94500,10.13713,0.00000,136.57252,0.00000,0.00000
"20-OCT-2013 07:30","ROT1101 WHE0",12.00000,0.00000,10.07613,60.45680,0.00000,0.00000,0.00000
"20-OCT-2013 07:30","ROX1101 ROX0",100.00000,0.00000,8.89719,444.85969,0.00000,0.00000,0.00000
"20-OCT-2013 07:30","ROX2201 ROX0",164.00000,0.00000,9.01687,739.38368,0.00000,0.00000,0.00000
"20-OCT-2013 07:30","RPO2201 RPO0",102.00000,0.00000,9.65841,492.57870,0.00000,0.00000,0.00000
"20-OCT-2013 07:30","SFD2201 SFD21",0.00000,0.00000,9.93321,0.00000,0.00000,0.00000,0.00000
"20-OCT-2013 07:30","SFD2201 SFD22",0.00000,0.00000,9.93321,0.00000,0.00000,0.00000,0.00000
"20-OCT-2013 07:30","SFD2201 SPL0",0.00000,0.00000,9.93321,0.00000,0.00000,0.00000,0.00000
"20-OCT-2013 07:30","STK0331",0.00000,59.67200,9.63211,0.00000,287.38367,0.00000,0.00000
"20-OCT-2013 07:30","SWN2201 SWN0",0.00000,0.00000,10.39240,0.00000,0.00000,0.00000,0.00000
"20-OCT-2013 07:30","SWN2201 SWN5",0.00000,0.00000,10.39240,0.00000,0.00000,0.00000,0.00000
"20-OCT-2013 07:30","TGA0111",0.00000,10.73000,10.13699,0.00000,54.38493,0.00000,0.00000
"20-OCT-2013 07:30","TGA0331",0.00000,32.41100,10.13796,0.00000,164.29070,0.00000,0.00000
"20-OCT-2013 07:30","TGA0331 KMI0",30.00000,0.00000,10.13796,152.06939,0.00000,0.00000,0.00000
"20-OCT-2013 07:30","THI2201 THI1",0.00000,0.00000,10.11080,0.00000,0.00000,0.00000,0.00000
"20-OCT-2013 07:30","THI2201 THI2",0.00000,0.00000,10.11080,0.00000,0.00000,0.00000,0.00000
"20-OCT-2013 07:30","TKA0111 TKA1",11.60000,0.00000,9.09569,52.75502,0.00000,0.00000,0.00000
"20-OCT-2013 07:30","TKB2201 TKB1",68.40000,0.00000,9.11149,311.61292,0.00000,0.00000,0.00000
"20-OCT-2013 07:30","TKU2201 TKU0",150.00000,0.00000,10.04443,753.33256,0.00000,0.00000,0.00000
"20-OCT-2013 07:30","TMI0331",0.00000,12.63100,10.10770,0.00000,63.83518,0.00000,0.00000
"20-OCT-2013 07:30","TNG0111",0.00000,27.53400,9.72031,0.00000,133.81953,0.00000,0.00000
"20-OCT-2013 07:30","TUI1101 KTW0",0.00000,0.00000,10.17473,0.00000,0.00000,0.00000,0.00000
"20-OCT-2013 07:30","TUI1101 PRI0",5.50000,0.00000,10.17473,27.98050,0.00000,0.00000,0.00000
"20-OCT-2013 07:30","TUI1101 TUI0",8.50000,0.00000,10.17473,43.24260,0.00000,0.00000,0.00000
"20-OCT-2013 07:30","TWC2201 NZW0",0.00000,0.00000,9.73634,0.00000,0.00000,0.00000,0.00000
"20-OCT-2013 07:30","TWC2201 TWF0",0.00000,0.00000,9.73634,0.00000,0.00000,0.00000,0.00000
"20-OCT-2013 07:30","TWH0331 TRC1",42.00000,0.00000,10.23276,214.88791,0.00000,0.00000,0.00000
"20-OCT-2013 07:30","TWH0331 TUK0",0.00000,0.00000,10.23276,0.00000,0.00000,0.00000,0.00000
"20-OCT-2013 07:30","WDV1101 TAP0",0.00000,0.00000,9.68103,0.00000,0.00000,0.00000,0.00000
"20-OCT-2013 07:30","WGN0331",0.00000,13.47900,9.86619,0.00000,66.49321,0.00000,0.00000
"20-OCT-2013 07:30","WHI0111",0.00000,70.44100,9.89263,0.00000,348.42332,0.00000,0.00000
"20-OCT-2013 07:30","WHI2201 WHI0",0.00000,0.00000,9.85982,0.00000,0.00000,0.00000,0.00000
"20-OCT-2013 07:30","WHU0331",0.00000,27.85400,10.69238,0.00000,148.91284,0.00000,0.00000
"20-OCT-2013 07:30","WKM2201 MOK0",113.00000,0.00000,10.15906,573.98716,0.00000,0.00000,0.00000
"20-OCT-2013 07:30","WKM2201 WKM0",46.00000,0.00000,10.15906,233.65849,0.00000,0.00000,0.00000
"20-OCT-2013 07:30","WKO0331",0.00000,21.29500,10.68259,0.00000,113.74285,0.00000,0.00000
"20-OCT-2013 07:30","WPA2201 WPA0",22.00000,0.00000,10.14532,111.59855,0.00000,0.00000,0.00000
"20-OCT-2013 07:30","WRK0331",0.00000,22.45100,9.69768,0.00000,108.86132,0.00000,0.00000
"20-OCT-2013 07:30","WRK0331 RKA0",33.00000,0.00000,9.69768,160.01174,0.00000,0.00000,0.00000
"20-OCT-2013 07:30","WRK0331 TAA0",24.00000,0.00000,9.69768,116.37218,0.00000,0.00000,0.00000
"20-OCT-2013 07:30","WRK2201 WRK0",145.00000,0.00000,9.76018,707.61320,0.00000,0.00000,0.00000
"20-OCT-2013 07:30","WTK0111 WTK0",50.00000,0.00000,9.01591,225.39775,0.00000,0.00000,0.00000
"20-OCT-2013 07:30","WWD1102 WWD0",0.00000,0.00000,9.57244,0.00000,0.00000,0.00000,0.00000
"20-OCT-2013 07:30","WWD1103 WWD0",0.00000,0.00000,9.57513,0.00000,0.00000,0.00000,0.00000
"20-OCT-2013 07:30","ABY0111",0.00000,-4.62000,9.02608,0.00000,-20.85024,0.00000,0.00000
"20-OCT-2013 07:30","ADD0111",0.00000,20.87600,9.39706,0.00000,98.08647,0.00000,0.00000
"20-OCT-2013 07:30","ADD0661",0.00000,28.36400,9.38216,0.00000,133.05780,0.00000,0.00000
"20-OCT-2013 07:30","ALB0331",0.00000,54.24200,10.48045,0.00000,284.24040,0.00000,0.00000
"20-OCT-2013 07:30","ALB1101",0.00000,48.80500,10.47386,0.00000,255.58847,0.00000,0.00000
"20-OCT-2013 07:30","APS0111",0.00000,0.15400,8.91103,0.00000,0.68615,0.00000,0.00000
"20-OCT-2013 07:30","ASB0331",0.00000,16.37700,9.26779,0.00000,75.88932,0.00000,0.00000
"20-OCT-2013 07:30","ASB0661",0.00000,24.28100,9.26008,0.00000,112.42206,0.00000,0.00000
"20-OCT-2013 07:30","ASY0111",0.00000,8.85600,9.57608,0.00000,42.40288,0.00000,0.00000
"20-OCT-2013 07:30","ATU1101",0.00000,0.50600,9.72387,0.00000,2.46014,0.00000,0.00000
"20-OCT-2013 07:30","BAL0331",0.00000,11.51300,9.29863,0.00000,53.52758,0.00000,0.00000
"20-OCT-2013 07:30","BDE0111",0.00000,6.78200,9.57664,0.00000,32.47437,0.00000,0.00000
"20-OCT-2013 07:30","BLN0331",0.00000,28.69800,9.79082,0.00000,140.48848,0.00000,0.00000
"20-OCT-2013 07:30","BOB0331",0.00000,10.16400,10.52468,0.00000,53.48642,0.00000,0.00000
"20-OCT-2013 07:30","BPD1101",0.00000,2.60000,9.33064,0.00000,12.12984,0.00000,0.00000
"20-OCT-2013 07:30","BPE0331",0.00000,16.10400,9.78796,0.00000,78.81266,0.00000,0.00000
"20-OCT-2013 07:30","BPE0551",0.00000,0.17100,9.78654,0.00000,0.83675,0.00000,0.00000
"20-OCT-2013 07:30","BPT1101",0.00000,0.18000,9.16228,0.00000,0.82461,0.00000,0.00000
"20-OCT-2013 07:30","BRB0331",0.00000,41.00300,10.65605,0.00000,218.46491,0.00000,0.00000
"20-OCT-2013 07:30","BRK0331",0.00000,10.32600,9.86094,0.00000,50.91203,0.00000,0.00000
"20-OCT-2013 07:30","BRY0111",0.00000,12.01000,9.35206,0.00000,56.15913,0.00000,0.00000
"20-OCT-2013 07:30","BRY0661",0.00000,40.32000,9.33576,0.00000,188.20889,0.00000,0.00000
"20-OCT-2013 07:30","BWK1101",0.00000,0.04100,9.17097,0.00000,0.18800,0.00000,0.00000
"20-OCT-2013 07:30","CBG0111",0.00000,26.27500,10.61544,0.00000,139.46034,0.00000,0.00000
"20-OCT-2013 07:30","CLH0111",0.00000,0.22100,8.77312,0.00000,0.96943,0.00000,0.00000
"20-OCT-2013 07:30","CML0331",0.00000,7.28500,9.01067,0.00000,32.82137,0.00000,0.00000
"20-OCT-2013 07:30","COL0111",0.00000,0.13100,8.68067,0.00000,0.56858,0.00000,0.00000
"20-OCT-2013 07:30","CPK0111",0.00000,7.14800,9.66874,0.00000,34.55606,0.00000,0.00000
"20-OCT-2013 07:30","CST0331",0.00000,22.27500,10.01593,0.00000,111.55242,0.00000,0.00000
"20-OCT-2013 07:30","CUL0331",0.00000,6.49800,9.45767,0.00000,30.72796,0.00000,0.00000
"20-OCT-2013 07:30","CUL0661",0.00000,3.83500,9.47862,0.00000,18.17525,0.00000,0.00000
"20-OCT-2013 07:30","CYD0331",0.00000,-4.83800,8.97610,0.00000,-21.71318,0.00000,0.00000
"20-OCT-2013 07:30","DOB0331",0.00000,1.52400,9.65933,0.00000,7.36041,0.00000,0.00000
"20-OCT-2013 07:30","DVK0111",0.00000,8.36600,9.74428,0.00000,40.76034,0.00000,0.00000
"20-OCT-2013 07:30","EDG0331",0.00000,40.41800,9.99240,0.00000,201.93645,0.00000,0.00000
"20-OCT-2013 07:30","EDN0331",0.00000,25.44700,9.58788,0.00000,121.99139,0.00000,0.00000
"20-OCT-2013 07:30","FHL0331",0.00000,20.28500,10.00815,0.00000,101.50770,0.00000,0.00000
"20-OCT-2013 07:30","FKN0331",0.00000,18.29100,9.11081,0.00000,83.32295,0.00000,0.00000
"20-OCT-2013 07:30","GFD0331",0.00000,23.19200,9.65570,0.00000,111.96751,0.00000,0.00000
"20-OCT-2013 07:30","GIS0501",0.00000,21.43100,10.43734,0.00000,111.84126,0.00000,0.00000
"20-OCT-2013 07:30","GLN0331",0.00000,81.16100,10.39210,0.00000,421.71655,0.00000,0.00000
"20-OCT-2013 07:30","GLN0332",0.00000,48.18200,10.39200,0.00000,250.35372,0.00000,0.00000
"20-OCT-2013 07:30","GOR0331",0.00000,17.04600,9.47596,0.00000,80.76361,0.00000,0.00000
"20-OCT-2013 07:30","GYM0661",0.00000,4.84000,9.61444,0.00000,23.26694,0.00000,0.00000
"20-OCT-2013 07:30","GYT0331",0.00000,5.12600,9.76487,0.00000,25.02736,0.00000,0.00000
"20-OCT-2013 07:30","HAM0111",0.00000,13.47900,10.36869,0.00000,69.87981,0.00000,0.00000
"20-OCT-2013 07:30","HAM0551",0.00000,0.21100,10.34680,0.00000,1.09159,0.00000,0.00000
"20-OCT-2013 07:30","HAY0111",0.00000,5.91200,9.64633,0.00000,28.51455,0.00000,0.00000
"20-OCT-2013 07:30","HAY0331",0.00000,5.68900,9.64477,0.00000,27.43456,0.00000,0.00000
"20-OCT-2013 07:30","HEN0331",0.00000,43.59400,10.45042,0.00000,227.78778,0.00000,0.00000
"20-OCT-2013 07:30","HEP0331",0.00000,47.40600,10.45503,0.00000,247.81555,0.00000,0.00000
"20-OCT-2013 07:30","HKK0661",0.00000,4.03600,9.11630,0.00000,18.39669,0.00000,0.00000
"20-OCT-2013 07:30","HLY0331",0.00000,15.88300,10.29238,0.00000,81.73696,0.00000,0.00000
"20-OCT-2013 07:30","HOR0331",0.00000,6.55800,9.45111,0.00000,30.99019,0.00000,0.00000
"20-OCT-2013 07:30","HOR0661",0.00000,7.84600,9.42951,0.00000,36.99197,0.00000,0.00000
"20-OCT-2013 07:30","HTI0331",0.00000,11.61100,10.37700,0.00000,60.24367,0.00000,0.00000
"20-OCT-2013 07:30","HUI0331",0.00000,8.86300,10.08009,0.00000,44.66991,0.00000,0.00000
"20-OCT-2013 07:30","HWA0331",0.00000,19.76300,9.93407,0.00000,98.16349,0.00000,0.00000
"20-OCT-2013 07:30","HWA0332",0.00000,7.79900,9.93507,0.00000,38.74180,0.00000,0.00000
"20-OCT-2013 07:30","HWB0331",0.00000,30.24000,9.08697,0.00000,137.39506,0.00000,0.00000
"20-OCT-2013 07:30","HWB0332",0.00000,15.00300,9.10609,0.00000,68.30932,0.00000,0.00000
"20-OCT-2013 07:30","INV0331",0.00000,38.46200,9.24473,0.00000,177.78541,0.00000,0.00000
"20-OCT-2013 07:30","ISL0331",0.00000,25.89500,9.36070,0.00000,121.19769,0.00000,0.00000
"20-OCT-2013 07:30","ISL0661",0.00000,69.37500,9.35887,0.00000,324.63596,0.00000,0.00000
"20-OCT-2013 07:30","KAI0111",0.00000,10.72400,9.58291,0.00000,51.38356,0.00000,0.00000
"20-OCT-2013 07:30","KBY0661",0.00000,5.72300,9.52879,0.00000,27.26663,0.00000,0.00000
"20-OCT-2013 07:30","KBY0662",0.00000,6.00600,9.52879,0.00000,28.61495,0.00000,0.00000
"20-OCT-2013 07:30","KIK0111",0.00000,1.41300,9.57593,0.00000,6.76540,0.00000,0.00000
"20-OCT-2013 07:30","KIN0111",0.00000,43.74500,10.22910,0.00000,223.73608,0.00000,0.00000
"20-OCT-2013 07:30","KIN0112",0.00000,14.38500,10.15569,0.00000,73.04483,0.00000,0.00000
"20-OCT-2013 07:30","KIN0113",0.00000,14.16000,10.25559,0.00000,72.60960,0.00000,0.00000
"20-OCT-2013 07:30","KMO0331",0.00000,6.74200,10.12432,0.00000,34.12907,0.00000,0.00000
"20-OCT-2013 07:30","KOE1101",0.00000,16.54000,10.99801,0.00000,90.95354,0.00000,0.00000
"20-OCT-2013 07:30","KUM0661",0.00000,-1.14500,9.18690,0.00000,-5.25950,0.00000,0.00000
"20-OCT-2013 07:30","KWA0111",0.00000,12.23300,9.64328,0.00000,58.98313,0.00000,0.00000
"20-OCT-2013 07:30","LFD1101",0.00000,3.27200,10.13204,0.00000,16.57602,0.00000,0.00000
"20-OCT-2013 07:30","LFD1102",0.00000,3.18900,10.13204,0.00000,16.15554,0.00000,0.00000
"20-OCT-2013 07:30","LTN0331",0.00000,-1.14000,9.75739,0.00000,-5.56171,0.00000,0.00000
"20-OCT-2013 07:30","MAN2201",0.00000,1.02800,8.83245,0.00000,4.53988,0.00000,0.00000
"20-OCT-2013 07:30","MAT1101",0.00000,0.17900,9.85008,0.00000,0.88158,0.00000,0.00000
"20-OCT-2013 07:30","MCH0111",0.00000,2.08000,9.74358,0.00000,10.13332,0.00000,0.00000
"20-OCT-2013 07:30","MGM0331",0.00000,8.31800,9.74119,0.00000,40.51359,0.00000,0.00000
"20-OCT-2013 07:30","MHO0331",0.00000,17.10900,9.86217,0.00000,84.36596,0.00000,0.00000
"20-OCT-2013 07:30","MKE1101",0.00000,0.17600,10.05951,0.00000,0.88524,0.00000,0.00000
"20-OCT-2013 07:30","MLG0111",0.00000,10.27700,9.67226,0.00000,49.70090,0.00000,0.00000
"20-OCT-2013 07:30","MLG0331",0.00000,11.01200,9.67643,0.00000,53.27842,0.00000,0.00000
"20-OCT-2013 07:30","MLN0661",0.00000,4.68300,9.37432,0.00000,21.94997,0.00000,0.00000
"20-OCT-2013 07:30","MLN0664",0.00000,3.60000,9.37438,0.00000,16.87389,0.00000,0.00000
"20-OCT-2013 07:30","MNG0331",0.00000,47.45600,10.39409,0.00000,246.63094,0.00000,0.00000
"20-OCT-2013 07:30","MNG1101",0.00000,3.75500,10.38492,0.00000,19.49769,0.00000,0.00000
"20-OCT-2013 07:30","MNI0111",0.00000,4.16300,10.06308,0.00000,20.94631,0.00000,0.00000
"20-OCT-2013 07:30","MOT0111",0.00000,8.49100,9.92390,0.00000,42.13193,0.00000,0.00000
"20-OCT-2013 07:30","MPE1101",0.00000,32.43400,10.84518,0.00000,175.87636,0.00000,0.00000
"20-OCT-2013 07:30","MPI0661",0.00000,4.03700,9.97284,0.00000,20.13018,0.00000,0.00000
"20-OCT-2013 07:30","MST0331",0.00000,20.56300,9.82294,0.00000,100.99452,0.00000,0.00000
"20-OCT-2013 07:30","MTN0331",0.00000,9.50500,9.80997,0.00000,46.62189,0.00000,0.00000
"20-OCT-2013 07:30","MTO0331",0.00000,13.28200,10.97286,0.00000,72.87077,0.00000,0.00000
"20-OCT-2013 07:30","MTR0331",0.00000,3.36500,10.29875,0.00000,17.32764,0.00000,0.00000
"20-OCT-2013 07:30","NAP2201",0.00000,0.24200,9.74884,0.00000,1.17961,0.00000,0.00000
"20-OCT-2013 07:30","NMA0331",0.00000,-13.97900,9.23077,0.00000,-64.51849,0.00000,0.00000
"20-OCT-2013 07:30","NPK0331",0.00000,1.51200,10.34834,0.00000,7.82334,0.00000,0.00000
"20-OCT-2013 07:30","NPL0331",0.00000,8.90300,9.99814,0.00000,44.50672,0.00000,0.00000
"20-OCT-2013 07:30","NSY0331",0.00000,23.64300,9.09128,0.00000,107.47259,0.00000,0.00000
"20-OCT-2013 07:30","OAM0331",0.00000,17.16800,9.35296,0.00000,80.28583,0.00000,0.00000
"20-OCT-2013 07:30","OKN0111",0.00000,3.00600,10.31453,0.00000,15.50274,0.00000,0.00000
"20-OCT-2013 07:30","ONG0331",0.00000,-1.89800,10.29244,0.00000,-9.76753,0.00000,0.00000
"20-OCT-2013 07:30","OPK0331",0.00000,9.44100,10.01738,0.00000,47.28706,0.00000,0.00000
"20-OCT-2013 07:30","ORO1101",0.00000,1.81400,9.84101,0.00000,8.92580,0.00000,0.00000
"20-OCT-2013 07:30","ORO1102",0.00000,1.78800,9.86498,0.00000,8.81929,0.00000,0.00000
"20-OCT-2013 07:30","OTA0221",0.00000,25.28800,10.39729,0.00000,131.46329,0.00000,0.00000
"20-OCT-2013 07:30","OTA1101",0.00000,1.52000,10.39078,0.00000,7.89699,0.00000,0.00000
"20-OCT-2013 07:30","OTA1102",0.00000,0.52000,10.37733,0.00000,2.69811,0.00000,0.00000
"20-OCT-2013 07:30","OTI0111",0.00000,0.10700,8.95932,0.00000,0.47932,0.00000,0.00000
"20-OCT-2013 07:30","PAK0331",0.00000,50.48400,10.38749,0.00000,262.20107,0.00000,0.00000
"20-OCT-2013 07:30","PAL0331",0.00000,4.40400,9.26500,0.00000,20.40153,0.00000,0.00000
"20-OCT-2013 07:30","PAO1101",0.00000,19.64200,10.64407,0.00000,104.53540,0.00000,0.00000
"20-OCT-2013 07:30","PEN0221",0.00000,18.35200,10.42594,0.00000,95.66842,0.00000,0.00000
"20-OCT-2013 07:30","PEN1101",0.00000,84.47500,10.40988,0.00000,439.68737,0.00000,0.00000
"20-OCT-2013 07:30","PNI0331",0.00000,6.49200,9.70372,0.00000,31.49829,0.00000,0.00000
"20-OCT-2013 07:30","RDF0331",0.00000,25.50100,9.93199,0.00000,126.63778,0.00000,0.00000
"20-OCT-2013 07:30","RFN1101",0.00000,3.68900,9.82687,0.00000,18.12566,0.00000,0.00000
"20-OCT-2013 07:30","RFN1102",0.00000,3.64700,9.84480,0.00000,17.95199,0.00000,0.00000
"20-OCT-2013 07:30","ROS0221",0.00000,46.32900,10.43860,0.00000,241.80490,0.00000,0.00000
"20-OCT-2013 07:30","ROS1101",0.00000,23.18100,10.41953,0.00000,120.76761,0.00000,0.00000
"20-OCT-2013 07:30","SBK0331",0.00000,20.57600,9.53533,0.00000,98.09946,0.00000,0.00000
"20-OCT-2013 07:30","SDN0331",0.00000,24.24900,9.09317,0.00000,110.25020,0.00000,0.00000
"20-OCT-2013 07:30","SFD0331",0.00000,18.25100,10.00552,0.00000,91.30537,0.00000,0.00000
"20-OCT-2013 07:30","SFD2201",0.00000,0.74000,9.93321,0.00000,3.67529,0.00000,0.00000
"20-OCT-2013 07:30","SPN0331",0.00000,21.18800,9.44399,0.00000,100.04964,0.00000,0.00000
"20-OCT-2013 07:30","SPN0661",0.00000,3.89600,9.42702,0.00000,18.36383,0.00000,0.00000
"20-OCT-2013 07:30","STU0111",0.00000,6.20200,9.34249,0.00000,28.97107,0.00000,0.00000
"20-OCT-2013 07:30","SVL0331",0.00000,32.32300,10.48981,0.00000,169.53114,0.00000,0.00000
"20-OCT-2013 07:30","SWN2201",0.00000,1.44000,10.39240,0.00000,7.48253,0.00000,0.00000
"20-OCT-2013 07:30","TAK0331",0.00000,43.82800,10.37740,0.00000,227.41024,0.00000,0.00000
"20-OCT-2013 07:30","THI2201",0.00000,3.08000,10.11080,0.00000,15.57063,0.00000,0.00000
"20-OCT-2013 07:30","TIM0111",0.00000,27.93000,9.34807,0.00000,130.54583,0.00000,0.00000
"20-OCT-2013 07:30","TKA0331",0.00000,1.91600,9.10483,0.00000,8.72242,0.00000,0.00000
"20-OCT-2013 07:30","TKH0111",0.00000,0.70800,10.65318,0.00000,3.77123,0.00000,0.00000
"20-OCT-2013 07:30","TKR0331",0.00000,35.24300,9.68249,0.00000,170.61998,0.00000,0.00000
"20-OCT-2013 07:30","TKU0331",0.00000,3.75700,10.05882,0.00000,18.89548,0.00000,0.00000
"20-OCT-2013 07:30","TMK0331",0.00000,33.68700,9.36007,0.00000,157.65638,0.00000,0.00000
"20-OCT-2013 07:30","TMN0551",0.00000,3.87500,10.08514,0.00000,19.53996,0.00000,0.00000
"20-OCT-2013 07:30","TMU0111",0.00000,26.45900,10.87821,0.00000,143.91322,0.00000,0.00000
"20-OCT-2013 07:30","TNG0551",0.00000,2.44300,9.71850,0.00000,11.87114,0.00000,0.00000
"20-OCT-2013 07:30","TRK0111",0.00000,6.46400,10.09465,0.00000,32.62590,0.00000,0.00000
"20-OCT-2013 07:30","TUI0111",0.00000,0.23600,10.20556,0.00000,1.20426,0.00000,0.00000
"20-OCT-2013 07:30","TWC2201",0.00000,-80.37300,9.73634,0.00000,-391.26947,0.00000,0.00000
"20-OCT-2013 07:30","TWH0331",0.00000,27.05700,10.23276,0.00000,138.43386,0.00000,0.00000
"20-OCT-2013 07:30","TWI2201",0.00000,572.98600,9.30355,0.00000,2665.40066,0.00000,0.00000
"20-OCT-2013 07:30","TWZ0331",0.00000,2.79700,9.09226,0.00000,12.71552,0.00000,0.00000
"20-OCT-2013 07:30","UHT0331",0.00000,11.46300,9.65694,0.00000,55.34876,0.00000,0.00000
"20-OCT-2013 07:30","WAI0111",0.00000,5.68300,10.07277,0.00000,28.62178,0.00000,0.00000
"20-OCT-2013 07:30","WDV0111",0.00000,1.89800,9.68781,0.00000,9.19373,0.00000,0.00000
"20-OCT-2013 07:30","WDV1101",0.00000,-59.02800,9.68103,0.00000,-285.72597,0.00000,0.00000
"20-OCT-2013 07:30","WEL0331",0.00000,16.63200,10.97460,0.00000,91.26477,0.00000,0.00000
"20-OCT-2013 07:30","WHI2201",0.00000,0.10000,9.85982,0.00000,0.49299,0.00000,0.00000
"20-OCT-2013 07:30","WIL0331",0.00000,19.35000,9.64113,0.00000,93.27789,0.00000,0.00000
"20-OCT-2013 07:30","WIR0331",0.00000,35.31200,10.45113,0.00000,184.52521,0.00000,0.00000
"20-OCT-2013 07:30","WKM2201",0.00000,7.46600,10.15906,0.00000,37.92379,0.00000,0.00000
"20-OCT-2013 07:30","WPR0331",0.00000,3.21200,9.41753,0.00000,15.12455,0.00000,0.00000
"20-OCT-2013 07:30","WPR0661",0.00000,2.39000,9.40323,0.00000,11.23686,0.00000,0.00000
"20-OCT-2013 07:30","WPT0111",0.00000,4.86400,9.89616,0.00000,24.06747,0.00000,0.00000
"20-OCT-2013 07:30","WPW0331",0.00000,10.43400,10.11526,0.00000,52.77133,0.00000,0.00000
"20-OCT-2013 07:30","WRA0111",0.00000,4.72000,10.23993,0.00000,24.16623,0.00000,0.00000
"20-OCT-2013 07:30","WTK0331",0.00000,1.04200,9.03620,0.00000,4.70786,0.00000,0.00000
"20-OCT-2013 07:30","WTU0331",0.00000,33.79300,9.89967,0.00000,167.26982,0.00000,0.00000
"20-OCT-2013 07:30","WVY0111",0.00000,2.88900,9.89475,0.00000,14.29297,0.00000,0.00000
"20-OCT-2013 07:30","WWD1102",0.00000,-58.49600,9.57244,0.00000,-279.97481,0.00000,0.00000
"20-OCT-2013 07:30","WWD1103",0.00000,-58.01900,9.57513,0.00000,-277.76970,0.00000,0.00000
"20-OCT-2013 07:30","ARG1101",0.00000,0.00000,9.64266,0.00000,0.00000,0.00000,0.00000
"20-OCT-2013 07:30","COL0661",0.00000,0.00000,8.67568,0.00000,0.00000,0.00000,0.00000
"20-OCT-2013 07:30","CYD2201",0.00000,0.00000,8.98085,0.00000,0.00000,0.00000,0.00000
"20-OCT-2013 07:30","HWA1101",0.00000,0.00000,9.92171,0.00000,0.00000,0.00000,0.00000
"20-OCT-2013 07:30","HWA1102",0.00000,0.00000,9.92171,0.00000,0.00000,0.00000,0.00000
"20-OCT-2013 07:30","KAW1101",0.00000,0.00000,9.88104,0.00000,0.00000,0.00000,0.00000
"20-OCT-2013 07:30","KPA1101",0.00000,0.00000,9.89944,0.00000,0.00000,0.00000,0.00000
"20-OCT-2013 07:30","MER0331",0.00000,0.00000,10.52468,0.00000,0.00000,0.00000,0.00000
"20-OCT-2013 07:30","NAP2202",0.00000,0.00000,9.74884,0.00000,0.00000,0.00000,0.00000
"20-OCT-2013 07:30","OWH0111",0.00000,0.00000,0.00000,0.00000,0.00000,0.00000,0.00000
"20-OCT-2013 07:30","PEN0251",0.00000,0.00000,10.41333,0.00000,0.00000,0.00000,0.00000
"20-OCT-2013 07:30","PPI2201",0.00000,0.00000,10.10942,0.00000,0.00000,0.00000,0.00000
"20-OCT-2013 07:30","ROT1101",0.00000,0.00000,10.07613,0.00000,0.00000,0.00000,0.00000
"20-OCT-2013 07:30","SWN0251",0.00000,0.00000,10.40633,0.00000,0.00000,0.00000,0.00000
"20-OCT-2013 07:30","WRD0331",0.00000,0.00000,10.47386,0.00000,0.00000,0.00000,0.00000
"20-OCT-2013 07:30","ABY1101",0.00000,0.00000,9.19882,0.00000,0.00000,0.00000,0.00000
"20-OCT-2013 07:30","ALB2201",0.00000,0.00000,10.46748,0.00000,0.00000,0.00000,0.00000
"20-OCT-2013 07:30","APS0661",0.00000,0.00000,8.90321,0.00000,0.00000,0.00000,0.00000
"20-OCT-2013 07:30","ARA2201",0.00000,0.00000,9.75657,0.00000,0.00000,0.00000,0.00000
"20-OCT-2013 07:30","ARI1101",0.00000,0.00000,9.79833,0.00000,0.00000,0.00000,0.00000
"20-OCT-2013 07:30","ARI1102",0.00000,0.00000,10.27893,0.00000,0.00000,0.00000,0.00000
"20-OCT-2013 07:30","ASB2201",0.00000,0.00000,9.24922,0.00000,0.00000,0.00000,0.00000
"20-OCT-2013 07:30","ASY0661",0.00000,0.00000,9.48896,0.00000,0.00000,0.00000,0.00000
"20-OCT-2013 07:30","ATI2201",0.00000,0.00000,10.00000,0.00000,0.00000,0.00000,0.00000
"20-OCT-2013 07:30","AVI2201",0.00000,0.00000,9.04434,0.00000,0.00000,0.00000,0.00000
"20-OCT-2013 07:30","BAL1101",0.00000,0.00000,9.28092,0.00000,0.00000,0.00000,0.00000
"20-OCT-2013 07:30","BDE1101",0.00000,0.00000,9.56267,0.00000,0.00000,0.00000,0.00000
"20-OCT-2013 07:30","BEN2201",0.00000,0.00000,9.06099,0.00000,0.00000,0.00000,0.00000
"20-OCT-2013 07:30","BEN2202",0.00000,0.00000,9.06099,0.00000,0.00000,0.00000,0.00000
"20-OCT-2013 07:30","BEN3502",0.00000,0.00000,9.06099,0.00000,0.00000,0.00000,0.00000
"20-OCT-2013 07:30","BEN3503",0.00000,0.00000,9.06099,0.00000,0.00000,0.00000,0.00000
"20-OCT-2013 07:30","BHL2201",0.00000,0.00000,10.37207,0.00000,0.00000,0.00000,0.00000
"20-OCT-2013 07:30","BHL2202",0.00000,0.00000,10.37206,0.00000,0.00000,0.00000,0.00000
"20-OCT-2013 07:30","BLN1101",0.00000,0.00000,9.78058,0.00000,0.00000,0.00000,0.00000
"20-OCT-2013 07:30","BPC1101",0.00000,0.00000,9.15744,0.00000,0.00000,0.00000,0.00000
"20-OCT-2013 07:30","BPE1101",0.00000,0.00000,9.74349,0.00000,0.00000,0.00000,0.00000
"20-OCT-2013 07:30","BPE2201",0.00000,0.00000,9.77307,0.00000,0.00000,0.00000,0.00000
"20-OCT-2013 07:30","BRB2201",0.00000,0.00000,10.63472,0.00000,0.00000,0.00000,0.00000
"20-OCT-2013 07:30","BRK2201",0.00000,0.00000,9.85340,0.00000,0.00000,0.00000,0.00000
"20-OCT-2013 07:30","BRK2202",0.00000,0.00000,9.85340,0.00000,0.00000,0.00000,0.00000
"20-OCT-2013 07:30","BRY2201",0.00000,0.00000,9.32676,0.00000,0.00000,0.00000,0.00000
"20-OCT-2013 07:30","CBG1101",0.00000,0.00000,10.54912,0.00000,0.00000,0.00000,0.00000
"20-OCT-2013 07:30","CBG1102",0.00000,0.00000,10.55002,0.00000,0.00000,0.00000,0.00000
"20-OCT-2013 07:30","CLH0661",0.00000,0.00000,8.76744,0.00000,0.00000,0.00000,0.00000
"20-OCT-2013 07:30","CML1101",0.00000,0.00000,9.00590,0.00000,0.00000,0.00000,0.00000
"20-OCT-2013 07:30","CML1102",0.00000,0.00000,9.00868,0.00000,0.00000,0.00000,0.00000
"20-OCT-2013 07:30","CML2201",0.00000,0.00000,8.99982,0.00000,0.00000,0.00000,0.00000
"20-OCT-2013 07:30","CML2202",0.00000,0.00000,9.00033,0.00000,0.00000,0.00000,0.00000
"20-OCT-2013 07:30","COB0661",0.00000,0.00000,9.90618,0.00000,0.00000,0.00000,0.00000
"20-OCT-2013 07:30","CPK1101",0.00000,0.00000,9.62743,0.00000,0.00000,0.00000,0.00000
"20-OCT-2013 07:30","CPK1102",0.00000,0.00000,9.62880,0.00000,0.00000,0.00000,0.00000
"20-OCT-2013 07:30","CPK1103",0.00000,0.00000,9.64126,0.00000,0.00000,0.00000,0.00000
"20-OCT-2013 07:30","CST1101",0.00000,0.00000,10.01038,0.00000,0.00000,0.00000,0.00000
"20-OCT-2013 07:30","CUL2202",0.00000,0.00000,9.44721,0.00000,0.00000,0.00000,0.00000
"20-OCT-2013 07:30","CUL2203",0.00000,0.00000,9.44675,0.00000,0.00000,0.00000,0.00000
"20-OCT-2013 07:30","DOB0661",0.00000,0.00000,9.64407,0.00000,0.00000,0.00000,0.00000
"20-OCT-2013 07:30","DOB1101",0.00000,0.00000,9.65226,0.00000,0.00000,0.00000,0.00000
"20-OCT-2013 07:30","DOB1102",0.00000,0.00000,9.63848,0.00000,0.00000,0.00000,0.00000
"20-OCT-2013 07:30","DRY2201",0.00000,0.00000,10.35749,0.00000,0.00000,0.00000,0.00000
"20-OCT-2013 07:30","DRY2202",0.00000,0.00000,10.35749,0.00000,0.00000,0.00000,0.00000
"20-OCT-2013 07:30","DVK1101",0.00000,0.00000,9.73637,0.00000,0.00000,0.00000,0.00000
"20-OCT-2013 07:30","DVK1102",0.00000,0.00000,9.73852,0.00000,0.00000,0.00000,0.00000
"20-OCT-2013 07:30","EDG1101",0.00000,0.00000,9.95368,0.00000,0.00000,0.00000,0.00000
"20-OCT-2013 07:30","EDG1102",0.00000,0.00000,9.95368,0.00000,0.00000,0.00000,0.00000
"20-OCT-2013 07:30","EDG2201",0.00000,0.00000,9.96190,0.00000,0.00000,0.00000,0.00000
"20-OCT-2013 07:30","EDN1101",0.00000,0.00000,9.54093,0.00000,0.00000,0.00000,0.00000
"20-OCT-2013 07:30","FHL1101",0.00000,0.00000,9.99748,0.00000,0.00000,0.00000,0.00000
"20-OCT-2013 07:30","FKN1101",0.00000,0.00000,9.09472,0.00000,0.00000,0.00000,0.00000
"20-OCT-2013 07:30","FKN1102",0.00000,0.00000,9.10179,0.00000,0.00000,0.00000,0.00000
"20-OCT-2013 07:30","GFD1101",0.00000,0.00000,9.64213,0.00000,0.00000,0.00000,0.00000
"20-OCT-2013 07:30","GFD1102",0.00000,0.00000,9.64215,0.00000,0.00000,0.00000,0.00000
"20-OCT-2013 07:30","GIS1101",0.00000,0.00000,10.41790,0.00000,0.00000,0.00000,0.00000
"20-OCT-2013 07:30","GLN2201",0.00000,0.00000,10.38479,0.00000,0.00000,0.00000,0.00000
"20-OCT-2013 07:30","GNY1101",0.00000,0.00000,9.31872,0.00000,0.00000,0.00000,0.00000
"20-OCT-2013 07:30","GOR1101",0.00000,0.00000,9.46176,0.00000,0.00000,0.00000,0.00000
"20-OCT-2013 07:30","GOR1102",0.00000,0.00000,9.46176,0.00000,0.00000,0.00000,0.00000
"20-OCT-2013 07:30","GYT1101",0.00000,0.00000,9.73836,0.00000,0.00000,0.00000,0.00000
"20-OCT-2013 07:30","GYT1102",0.00000,0.00000,9.73836,0.00000,0.00000,0.00000,0.00000
"20-OCT-2013 07:30","HAM1101",0.00000,0.00000,10.35486,0.00000,0.00000,0.00000,0.00000
"20-OCT-2013 07:30","HAM2201",0.00000,0.00000,10.33677,0.00000,0.00000,0.00000,0.00000
"20-OCT-2013 07:30","HAY1101",0.00000,0.00000,9.63157,0.00000,0.00000,0.00000,0.00000
"20-OCT-2013 07:30","HAY2201",0.00000,0.00000,9.61453,0.00000,0.00000,0.00000,0.00000
"20-OCT-2013 07:30","HAY3502",0.00000,0.00000,9.61453,0.00000,0.00000,0.00000,0.00000
"20-OCT-2013 07:30","HAY3503",0.00000,0.00000,9.61453,0.00000,0.00000,0.00000,0.00000
"20-OCT-2013 07:30","HEN1101",0.00000,0.00000,10.41667,0.00000,0.00000,0.00000,0.00000
"20-OCT-2013 07:30","HEN2201",0.00000,0.00000,10.43483,0.00000,0.00000,0.00000,0.00000
"20-OCT-2013 07:30","HEP1101",0.00000,0.00000,10.44169,0.00000,0.00000,0.00000,0.00000
"20-OCT-2013 07:30","HIN1101",0.00000,0.00000,10.81302,0.00000,0.00000,0.00000,0.00000
"20-OCT-2013 07:30","HLY2201",0.00000,0.00000,10.28264,0.00000,0.00000,0.00000,0.00000
"20-OCT-2013 07:30","HPI2201",0.00000,0.00000,10.45658,0.00000,0.00000,0.00000,0.00000
"20-OCT-2013 07:30","HPI2202",0.00000,0.00000,10.45658,0.00000,0.00000,0.00000,0.00000
"20-OCT-2013 07:30","HTI1101",0.00000,0.00000,10.35820,0.00000,0.00000,0.00000,0.00000
"20-OCT-2013 07:30","HUI1101",0.00000,0.00000,10.06441,0.00000,0.00000,0.00000,0.00000
"20-OCT-2013 07:30","HWA1001",0.00000,0.00000,9.92171,0.00000,0.00000,0.00000,0.00000
"20-OCT-2013 07:30","HWB1101",0.00000,0.00000,9.09619,0.00000,0.00000,0.00000,0.00000
"20-OCT-2013 07:30","HWB2201",0.00000,0.00000,9.07744,0.00000,0.00000,0.00000,0.00000
"20-OCT-2013 07:30","IGH1101",0.00000,0.00000,9.75289,0.00000,0.00000,0.00000,0.00000
"20-OCT-2013 07:30","INV1101",0.00000,0.00000,9.34040,0.00000,0.00000,0.00000,0.00000
"20-OCT-2013 07:30","INV2201",0.00000,0.00000,9.23854,0.00000,0.00000,0.00000,0.00000
"20-OCT-2013 07:30","INV2202",0.00000,0.00000,9.23854,0.00000,0.00000,0.00000,0.00000
"20-OCT-2013 07:30","ISL2201",0.00000,0.00000,9.35045,0.00000,0.00000,0.00000,0.00000
"20-OCT-2013 07:30","KAI0661",0.00000,0.00000,9.56868,0.00000,0.00000,0.00000,0.00000
"20-OCT-2013 07:30","KAW2201",0.00000,0.00000,9.92959,0.00000,0.00000,0.00000,0.00000
"20-OCT-2013 07:30","KBT0661",0.00000,0.00000,9.52196,0.00000,0.00000,0.00000,0.00000
"20-OCT-2013 07:30","KBT0662",0.00000,0.00000,9.52193,0.00000,0.00000,0.00000,0.00000
"20-OCT-2013 07:30","KEN1101",0.00000,0.00000,10.86365,0.00000,0.00000,0.00000,0.00000
"20-OCT-2013 07:30","KEN1102",0.00000,0.00000,10.86340,0.00000,0.00000,0.00000,0.00000
"20-OCT-2013 07:30","KIK1101",0.00000,0.00000,9.56182,0.00000,0.00000,0.00000,0.00000
"20-OCT-2013 07:30","KIK2201",0.00000,0.00000,9.57240,0.00000,0.00000,0.00000,0.00000
"20-OCT-2013 07:30","KIN1101",0.00000,0.00000,10.17449,0.00000,0.00000,0.00000,0.00000
"20-OCT-2013 07:30","KIN1102",0.00000,0.00000,10.17449,0.00000,0.00000,0.00000,0.00000
"20-OCT-2013 07:30","KMO1101",0.00000,0.00000,10.11369,0.00000,0.00000,0.00000,0.00000
"20-OCT-2013 07:30","KMO1102",0.00000,0.00000,10.11369,0.00000,0.00000,0.00000,0.00000
"20-OCT-2013 07:30","KMO1103",0.00000,0.00000,10.11369,0.00000,0.00000,0.00000,0.00000
"20-OCT-2013 07:30","KMO2201",0.00000,0.00000,10.09416,0.00000,0.00000,0.00000,0.00000
"20-OCT-2013 07:30","KPO1101",0.00000,0.00000,10.56816,0.00000,0.00000,0.00000,0.00000
"20-OCT-2013 07:30","KPU1101",0.00000,0.00000,10.73577,0.00000,0.00000,0.00000,0.00000
"20-OCT-2013 07:30","KPU1102",0.00000,0.00000,10.73572,0.00000,0.00000,0.00000,0.00000
"20-OCT-2013 07:30","KWA1101",0.00000,0.00000,9.63492,0.00000,0.00000,0.00000,0.00000
"20-OCT-2013 07:30","KWA1102",0.00000,0.00000,9.63492,0.00000,0.00000,0.00000,0.00000
"20-OCT-2013 07:30","LIV2201",0.00000,0.00000,9.10822,0.00000,0.00000,0.00000,0.00000
"20-OCT-2013 07:30","LTN2201",0.00000,0.00000,9.74777,0.00000,0.00000,0.00000,0.00000
"20-OCT-2013 07:30","LTN2202",0.00000,0.00000,9.75495,0.00000,0.00000,0.00000,0.00000
"20-OCT-2013 07:30","MAT1102",0.00000,0.00000,9.70603,0.00000,0.00000,0.00000,0.00000
"20-OCT-2013 07:30","MCH1101",0.00000,0.00000,9.67444,0.00000,0.00000,0.00000,0.00000
"20-OCT-2013 07:30","MDN1101",0.00000,0.00000,10.71448,0.00000,0.00000,0.00000,0.00000
"20-OCT-2013 07:30","MDN2201",0.00000,0.00000,10.63878,0.00000,0.00000,0.00000,0.00000
"20-OCT-2013 07:30","MGM1101",0.00000,0.00000,9.72148,0.00000,0.00000,0.00000,0.00000
"20-OCT-2013 07:30","MHO1101",0.00000,0.00000,9.85138,0.00000,0.00000,0.00000,0.00000
"20-OCT-2013 07:30","MHO1102",0.00000,0.00000,9.85118,0.00000,0.00000,0.00000,0.00000
"20-OCT-2013 07:30","MHT1102",0.00000,0.00000,9.61807,0.00000,0.00000,0.00000,0.00000
"20-OCT-2013 07:30","MHT1103",0.00000,0.00000,9.61957,0.00000,0.00000,0.00000,0.00000
"20-OCT-2013 07:30","MKT1101",0.00000,0.00000,10.04113,0.00000,0.00000,0.00000,0.00000
"20-OCT-2013 07:30","MLG1101",0.00000,0.00000,9.65900,0.00000,0.00000,0.00000,0.00000
"20-OCT-2013 07:30","MLG1102",0.00000,0.00000,9.65868,0.00000,0.00000,0.00000,0.00000
"20-OCT-2013 07:30","MLT0661",0.00000,0.00000,9.37432,0.00000,0.00000,0.00000,0.00000
"20-OCT-2013 07:30","MLT0664",0.00000,0.00000,9.37438,0.00000,0.00000,0.00000,0.00000
"20-OCT-2013 07:30","MNI1101",0.00000,0.00000,10.05386,0.00000,0.00000,0.00000,0.00000
"20-OCT-2013 07:30","MOT0661",0.00000,0.00000,9.81764,0.00000,0.00000,0.00000,0.00000
"20-OCT-2013 07:30","MOT0662",0.00000,0.00000,9.81328,0.00000,0.00000,0.00000,0.00000
"20-OCT-2013 07:30","MST1101",0.00000,0.00000,9.81170,0.00000,0.00000,0.00000,0.00000
"20-OCT-2013 07:30","MTI2201",0.00000,0.00000,10.15010,0.00000,0.00000,0.00000,0.00000
"20-OCT-2013 07:30","MTM1101",0.00000,0.00000,10.13984,0.00000,0.00000,0.00000,0.00000
"20-OCT-2013 07:30","MTN1101",0.00000,0.00000,9.80246,0.00000,0.00000,0.00000,0.00000
"20-OCT-2013 07:30","MTN1102",0.00000,0.00000,9.80206,0.00000,0.00000,0.00000,0.00000
"20-OCT-2013 07:30","MTO1101",0.00000,0.00000,10.91101,0.00000,0.00000,0.00000,0.00000
"20-OCT-2013 07:30","MTO1102",0.00000,0.00000,10.91182,0.00000,0.00000,0.00000,0.00000
"20-OCT-2013 07:30","MTR1101",0.00000,0.00000,10.29228,0.00000,0.00000,0.00000,0.00000
"20-OCT-2013 07:30","MVE1101",0.00000,0.00000,10.62976,0.00000,0.00000,0.00000,0.00000
"20-OCT-2013 07:30","MVE1102",0.00000,0.00000,10.54011,0.00000,0.00000,0.00000,0.00000
"20-OCT-2013 07:30","NGA0331",0.00000,0.00000,10.99801,0.00000,0.00000,0.00000,0.00000
"20-OCT-2013 07:30","NMA2201",0.00000,0.00000,9.24718,0.00000,0.00000,0.00000,0.00000
"20-OCT-2013 07:30","NPK1101",0.00000,0.00000,10.32966,0.00000,0.00000,0.00000,0.00000
"20-OCT-2013 07:30","NPL1101",0.00000,0.00000,9.98848,0.00000,0.00000,0.00000,0.00000
"20-OCT-2013 07:30","NPL2201",0.00000,0.00000,9.97569,0.00000,0.00000,0.00000,0.00000
"20-OCT-2013 07:30","NSY2201",0.00000,0.00000,9.07726,0.00000,0.00000,0.00000,0.00000
"20-OCT-2013 07:30","OAM1101",0.00000,0.00000,9.37867,0.00000,0.00000,0.00000,0.00000
"20-OCT-2013 07:30","OAM1102",0.00000,0.00000,9.30113,0.00000,0.00000,0.00000,0.00000
"20-OCT-2013 07:30","OHA2201",0.00000,0.00000,9.07505,0.00000,0.00000,0.00000,0.00000
"20-OCT-2013 07:30","OHB2201",0.00000,0.00000,9.08059,0.00000,0.00000,0.00000,0.00000
"20-OCT-2013 07:30","OHC2201",0.00000,0.00000,9.06269,0.00000,0.00000,0.00000,0.00000
"20-OCT-2013 07:30","OHK2201",0.00000,0.00000,9.95672,0.00000,0.00000,0.00000,0.00000
"20-OCT-2013 07:30","OHW2201",0.00000,0.00000,10.29740,0.00000,0.00000,0.00000,0.00000
"20-OCT-2013 07:30","OHW2202",0.00000,0.00000,10.29740,0.00000,0.00000,0.00000,0.00000
"20-OCT-2013 07:30","OKE1101",0.00000,0.00000,10.06753,0.00000,0.00000,0.00000,0.00000
"20-OCT-2013 07:30","OKI2201",0.00000,0.00000,9.72687,0.00000,0.00000,0.00000,0.00000
"20-OCT-2013 07:30","OKN1101",0.00000,0.00000,10.29627,0.00000,0.00000,0.00000,0.00000
"20-OCT-2013 07:30","ONG1101",0.00000,0.00000,10.30535,0.00000,0.00000,0.00000,0.00000
"20-OCT-2013 07:30","OPI2201",0.00000,0.00000,9.17697,0.00000,0.00000,0.00000,0.00000
"20-OCT-2013 07:30","OPI2202",0.00000,0.00000,9.17696,0.00000,0.00000,0.00000,0.00000
"20-OCT-2013 07:30","OPK1101",0.00000,0.00000,10.03110,0.00000,0.00000,0.00000,0.00000
"20-OCT-2013 07:30","OPK1102",0.00000,0.00000,9.95776,0.00000,0.00000,0.00000,0.00000
"20-OCT-2013 07:30","OTA1103",0.00000,0.00000,10.37733,0.00000,0.00000,0.00000,0.00000
"20-OCT-2013 07:30","OTA1104",0.00000,0.00000,10.39078,0.00000,0.00000,0.00000,0.00000
"20-OCT-2013 07:30","OTA1105",0.00000,0.00000,10.37733,0.00000,0.00000,0.00000,0.00000
"20-OCT-2013 07:30","OTA1106",0.00000,0.00000,10.39078,0.00000,0.00000,0.00000,0.00000
"20-OCT-2013 07:30","OTA1107",0.00000,0.00000,10.37733,0.00000,0.00000,0.00000,0.00000
"20-OCT-2013 07:30","OTA1108",0.00000,0.00000,10.39078,0.00000,0.00000,0.00000,0.00000
"20-OCT-2013 07:30","OTA1109",0.00000,0.00000,10.37733,0.00000,0.00000,0.00000,0.00000
"20-OCT-2013 07:30","OTA110A",0.00000,0.00000,10.39078,0.00000,0.00000,0.00000,0.00000
"20-OCT-2013 07:30","OTA2201",0.00000,0.00000,10.38262,0.00000,0.00000,0.00000,0.00000
"20-OCT-2013 07:30","OTA2202",0.00000,0.00000,10.38191,0.00000,0.00000,0.00000,0.00000
"20-OCT-2013 07:30","OTA2203",0.00000,0.00000,10.38288,0.00000,0.00000,0.00000,0.00000
"20-OCT-2013 07:30","OTI0661",0.00000,0.00000,8.94602,0.00000,0.00000,0.00000,0.00000
"20-OCT-2013 07:30","OWH1101",0.00000,0.00000,10.05226,0.00000,0.00000,0.00000,0.00000
"20-OCT-2013 07:30","PAK2201",0.00000,0.00000,10.37751,0.00000,0.00000,0.00000,0.00000
"20-OCT-2013 07:30","PAL1101",0.00000,0.00000,9.18339,0.00000,0.00000,0.00000,0.00000
"20-OCT-2013 07:30","PEN0222",0.00000,0.00000,10.42594,0.00000,0.00000,0.00000,0.00000
"20-OCT-2013 07:30","PEN2201",0.00000,0.00000,10.39940,0.00000,0.00000,0.00000,0.00000
"20-OCT-2013 07:30","PIE1101",0.00000,0.00000,10.11875,0.00000,0.00000,0.00000,0.00000
"20-OCT-2013 07:30","PNI1101",0.00000,0.00000,9.68590,0.00000,0.00000,0.00000,0.00000
"20-OCT-2013 07:30","PNI1102",0.00000,0.00000,9.68609,0.00000,0.00000,0.00000,0.00000
"20-OCT-2013 07:30","PRM1101",0.00000,0.00000,9.73918,0.00000,0.00000,0.00000,0.00000
"20-OCT-2013 07:30","PRM1102",0.00000,0.00000,9.73880,0.00000,0.00000,0.00000,0.00000
"20-OCT-2013 07:30","RDF1101",0.00000,0.00000,9.91983,0.00000,0.00000,0.00000,0.00000
"20-OCT-2013 07:30","RDF1102",0.00000,0.00000,9.91983,0.00000,0.00000,0.00000,0.00000
"20-OCT-2013 07:30","RDF2201",0.00000,0.00000,9.87785,0.00000,0.00000,0.00000,0.00000
"20-OCT-2013 07:30","RFC1101",0.00000,0.00000,9.84130,0.00000,0.00000,0.00000,0.00000
"20-OCT-2013 07:30","ROT1102",0.00000,0.00000,10.16139,0.00000,0.00000,0.00000,0.00000
"20-OCT-2013 07:30","ROX1101",0.00000,0.00000,8.89719,0.00000,0.00000,0.00000,0.00000
"20-OCT-2013 07:30","ROX2201",0.00000,0.00000,9.01687,0.00000,0.00000,0.00000,0.00000
"20-OCT-2013 07:30","RPO2201",0.00000,0.00000,9.65841,0.00000,0.00000,0.00000,0.00000
"20-OCT-2013 07:30","RTO1101",0.00000,0.00000,10.31073,0.00000,0.00000,0.00000,0.00000
"20-OCT-2013 07:30","RTR1101",0.00000,0.00000,10.30034,0.00000,0.00000,0.00000,0.00000
"20-OCT-2013 07:30","SBK0661",0.00000,0.00000,9.52448,0.00000,0.00000,0.00000,0.00000
"20-OCT-2013 07:30","SDN2201",0.00000,0.00000,9.08582,0.00000,0.00000,0.00000,0.00000
"20-OCT-2013 07:30","SFD1101",0.00000,0.00000,9.93484,0.00000,0.00000,0.00000,0.00000
"20-OCT-2013 07:30","SPN0662",0.00000,0.00000,9.42702,0.00000,0.00000,0.00000,0.00000
"20-OCT-2013 07:30","STK0661",0.00000,0.00000,9.67003,0.00000,0.00000,0.00000,0.00000
"20-OCT-2013 07:30","STK1101",0.00000,0.00000,9.64811,0.00000,0.00000,0.00000,0.00000
"20-OCT-2013 07:30","STK2201",0.00000,0.00000,9.62305,0.00000,0.00000,0.00000,0.00000
"20-OCT-2013 07:30","STU1101",0.00000,0.00000,9.32401,0.00000,0.00000,0.00000,0.00000
"20-OCT-2013 07:30","SVL2201",0.00000,0.00000,10.48116,0.00000,0.00000,0.00000,0.00000
"20-OCT-2013 07:30","SVL2202",0.00000,0.00000,10.48130,0.00000,0.00000,0.00000,0.00000
"20-OCT-2013 07:30","TAK2201",0.00000,0.00000,10.37232,0.00000,0.00000,0.00000,0.00000
"20-OCT-2013 07:30","TAK2202",0.00000,0.00000,10.36949,0.00000,0.00000,0.00000,0.00000
"20-OCT-2013 07:30","TGA1101",0.00000,0.00000,10.12662,0.00000,0.00000,0.00000,0.00000
"20-OCT-2013 07:30","TIM1101",0.00000,0.00000,9.28404,0.00000,0.00000,0.00000,0.00000
"20-OCT-2013 07:30","TIM2201",0.00000,0.00000,9.21199,0.00000,0.00000,0.00000,0.00000
"20-OCT-2013 07:30","TIM2202",0.00000,0.00000,9.21196,0.00000,0.00000,0.00000,0.00000
"20-OCT-2013 07:30","TKA0111",0.00000,0.00000,9.09569,0.00000,0.00000,0.00000,0.00000
"20-OCT-2013 07:30","TKA1101",0.00000,0.00000,9.10683,0.00000,0.00000,0.00000,0.00000
"20-OCT-2013 07:30","TKB2201",0.00000,0.00000,9.11149,0.00000,0.00000,0.00000,0.00000
"20-OCT-2013 07:30","TKH0501",0.00000,0.00000,10.51520,0.00000,0.00000,0.00000,0.00000
"20-OCT-2013 07:30","TKR1101",0.00000,0.00000,9.66460,0.00000,0.00000,0.00000,0.00000
"20-OCT-2013 07:30","TKU2201",0.00000,0.00000,10.04443,0.00000,0.00000,0.00000,0.00000
"20-OCT-2013 07:30","TMH2201",0.00000,0.00000,9.07393,0.00000,0.00000,0.00000,0.00000
"20-OCT-2013 07:30","TMI1101",0.00000,0.00000,10.09486,0.00000,0.00000,0.00000,0.00000
"20-OCT-2013 07:30","TMK1101",0.00000,0.00000,9.34575,0.00000,0.00000,0.00000,0.00000
"20-OCT-2013 07:30","TMK1102",0.00000,0.00000,9.34453,0.00000,0.00000,0.00000,0.00000
"20-OCT-2013 07:30","TMN2201",0.00000,0.00000,10.06098,0.00000,0.00000,0.00000,0.00000
"20-OCT-2013 07:30","TMU1101",0.00000,0.00000,10.82323,0.00000,0.00000,0.00000,0.00000
"20-OCT-2013 07:30","TNG2201",0.00000,0.00000,9.69657,0.00000,0.00000,0.00000,0.00000
"20-OCT-2013 07:30","TRK1101",0.00000,0.00000,10.04054,0.00000,0.00000,0.00000,0.00000
"20-OCT-2013 07:30","TRK1102",0.00000,0.00000,10.04054,0.00000,0.00000,0.00000,0.00000
"20-OCT-2013 07:30","TRK2201",0.00000,0.00000,10.03890,0.00000,0.00000,0.00000,0.00000
"20-OCT-2013 07:30","TUI1101",0.00000,0.00000,10.17473,0.00000,0.00000,0.00000,0.00000
"20-OCT-2013 07:30","TWH2201",0.00000,0.00000,10.24398,0.00000,0.00000,0.00000,0.00000
"20-OCT-2013 07:30","TWT2201",0.00000,0.00000,9.75863,0.00000,0.00000,0.00000,0.00000
"20-OCT-2013 07:30","TWZ2201",0.00000,0.00000,9.08372,0.00000,0.00000,0.00000,0.00000
"20-OCT-2013 07:30","TWZ2202",0.00000,0.00000,9.08372,0.00000,0.00000,0.00000,0.00000
"20-OCT-2013 07:30","UHT1101",0.00000,0.00000,9.64586,0.00000,0.00000,0.00000,0.00000
"20-OCT-2013 07:30","UTK0661",0.00000,0.00000,9.90618,0.00000,0.00000,0.00000,0.00000
"20-OCT-2013 07:30","WAI0501",0.00000,0.00000,10.08283,0.00000,0.00000,0.00000,0.00000
"20-OCT-2013 07:30","WAI1101",0.00000,0.00000,10.05203,0.00000,0.00000,0.00000,0.00000
"20-OCT-2013 07:30","WDV1102",0.00000,0.00000,9.68103,0.00000,0.00000,0.00000,0.00000
"20-OCT-2013 07:30","WEL1101",0.00000,0.00000,10.96053,0.00000,0.00000,0.00000,0.00000
"20-OCT-2013 07:30","WEL1102",0.00000,0.00000,10.96209,0.00000,0.00000,0.00000,0.00000
"20-OCT-2013 07:30","WGN1101",0.00000,0.00000,9.85441,0.00000,0.00000,0.00000,0.00000
"20-OCT-2013 07:30","WHU1101",0.00000,0.00000,10.62418,0.00000,0.00000,0.00000,0.00000
"20-OCT-2013 07:30","WIL1101",0.00000,0.00000,9.62758,0.00000,0.00000,0.00000,0.00000
"20-OCT-2013 07:30","WIL2201",0.00000,0.00000,9.63718,0.00000,0.00000,0.00000,0.00000
"20-OCT-2013 07:30","WIR1101",0.00000,0.00000,10.45324,0.00000,0.00000,0.00000,0.00000
"20-OCT-2013 07:30","WIR1102",0.00000,0.00000,10.41390,0.00000,0.00000,0.00000,0.00000
"20-OCT-2013 07:30","WKM2202",0.00000,0.00000,10.16013,0.00000,0.00000,0.00000,0.00000
"20-OCT-2013 07:30","WKO1101",0.00000,0.00000,10.66594,0.00000,0.00000,0.00000,0.00000
"20-OCT-2013 07:30","WMG1101",0.00000,0.00000,9.79888,0.00000,0.00000,0.00000,0.00000
"20-OCT-2013 07:30","WMG1102",0.00000,0.00000,9.81735,0.00000,0.00000,0.00000,0.00000
"20-OCT-2013 07:30","WPA2201",0.00000,0.00000,10.14532,0.00000,0.00000,0.00000,0.00000
"20-OCT-2013 07:30","WPR2202",0.00000,0.00000,9.40469,0.00000,0.00000,0.00000,0.00000
"20-OCT-2013 07:30","WPR2203",0.00000,0.00000,9.40493,0.00000,0.00000,0.00000,0.00000
"20-OCT-2013 07:30","WPT1101",0.00000,0.00000,9.86702,0.00000,0.00000,0.00000,0.00000
"20-OCT-2013 07:30","WPT1102",0.00000,0.00000,9.89539,0.00000,0.00000,0.00000,0.00000
"20-OCT-2013 07:30","WPW1101",0.00000,0.00000,10.09839,0.00000,0.00000,0.00000,0.00000
"20-OCT-2013 07:30","WPW1102",0.00000,0.00000,10.10455,0.00000,0.00000,0.00000,0.00000
"20-OCT-2013 07:30","WRA1101",0.00000,0.00000,10.21976,0.00000,0.00000,0.00000,0.00000
"20-OCT-2013 07:30","WRA1102",0.00000,0.00000,10.21971,0.00000,0.00000,0.00000,0.00000
"20-OCT-2013 07:30","WRD2201",0.00000,0.00000,10.46985,0.00000,0.00000,0.00000,0.00000
"20-OCT-2013 07:30","WRK2201",0.00000,0.00000,9.76018,0.00000,0.00000,0.00000,0.00000
"20-OCT-2013 07:30","WTK0111",0.00000,0.00000,9.01591,0.00000,0.00000,0.00000,0.00000
"20-OCT-2013 07:30","WTK1101",0.00000,0.00000,9.01864,0.00000,0.00000,0.00000,0.00000
"20-OCT-2013 07:30","WTK1102",0.00000,0.00000,9.06060,0.00000,0.00000,0.00000,0.00000
"20-OCT-2013 07:30","WTK2201",0.00000,0.00000,9.05292,0.00000,0.00000,0.00000,0.00000
"20-OCT-2013 07:30","WTU2201",0.00000,0.00000,9.88608,0.00000,0.00000,0.00000,0.00000
"20-OCT-2013 07:30","WTU2202",0.00000,0.00000,9.88785,0.00000,0.00000,0.00000,0.00000
"20-OCT-2013 07:30","WVY1101",0.00000,0.00000,9.87955,0.00000,0.00000,0.00000,0.00000
